CaminhoCompleto,NomeArquivo,LinkDownload,TituloLimpo
CURSO - Power BI/01-Assista Antes De Começar,01. Importante - Assista o Vídeo Todo - Material.zip,https://drive.google.com/uc?id=1aDKZW6--SOfGDs7QEE4Wuk5dFUNbVQDq&export=download,01. Importante - Assista o Vídeo Todo
CURSO - Power BI/01-Assista Antes De Começar,02. Banco de Vagas(Arquivos da aula.txt,https://drive.google.com/uc?id=1wwxCdOxDq8hMM7RX-snXwiLjBOynHl9N&export=download,02. Banco de Vagas(Arquivos da aula.txt
CURSO - Power BI/02-Introdução ao Power BI,01. O que é Business Intelligence (BI) - Material(1).pdf,https://drive.google.com/uc?id=1WpFhfKL0cwyhX9sKBLyGR3_vWIERDcF3&export=download,01. O que é Business Intelligence (BI) - Material(1).pdf
CURSO - Power BI/02-Introdução ao Power BI,02. Qual o notebook ideal para usar o Power BI(Arquivos da aula.txt,https://drive.google.com/uc?id=1NvOJnxMw7ECKLorW8KZWl9PmM-iE4aN7&export=download,02. Qual o notebook ideal para usar o Power BI(Arquivos da aula.txt
CURSO - Power BI/03-Importação e Tratamento de Bases de Dados com Power Query,01. Importando Base de Dados - Material(1).zip,https://drive.google.com/uc?id=11Tzz3dJ-SgaW9ppC9Y8-Zs0-9trbsZvn&export=download,01. Importando Base de Dados
CURSO - Power BI/03-Importação e Tratamento de Bases de Dados com Power Query,02. Tratando a Primeira Base de Dados - Material(1).zip,https://drive.google.com/uc?id=1GcoxxLHWZzjUStIL8-ci-Wf1bO28gjUE&export=download,02. Tratando a Primeira Base de Dados
CURSO - Power BI/03-Importação e Tratamento de Bases de Dados com Power Query,03. Tratando a Base Cadastro Clientes (Parte 1) - Material(1).zip,https://drive.google.com/uc?id=1UDqZU_0H3WBXmfn7sPdP5Rcya4GUwLwz&export=download,03. Tratando a Base Cadastro Clientes (Parte 1)
CURSO - Power BI/03-Importação e Tratamento de Bases de Dados com Power Query,04. Tratando a Base Cadastro Clientes (Parte 2) - Material(1).zip,https://drive.google.com/uc?id=1zhSt2prjrZXTWeXBo-kAUWyHxjqmg4z_&export=download,04. Tratando a Base Cadastro Clientes (Parte 2)
CURSO - Power BI/03-Importação e Tratamento de Bases de Dados com Power Query,05. Atualizando a Base de Dados com Novos Clientes - Material(1).zip,https://drive.google.com/uc?id=1buxNxf3TffzkYy0CHwm0JeHyPaou1bHW&export=download,05. Atualizando a Base de Dados com Novos Clientes
CURSO - Power BI/03-Importação e Tratamento de Bases de Dados com Power Query,06. Tratando a Base Cadastro Produtos - Material(1).zip,https://drive.google.com/uc?id=12oD9CJ-qiz-GD-KIGtFdfbbL59yvOPLS&export=download,06. Tratando a Base Cadastro Produtos
CURSO - Power BI/03-Importação e Tratamento de Bases de Dados com Power Query,07. Possíveis Problemas no Power Query e Como Resolver (Parte 1) - Material(1).zip,https://drive.google.com/uc?id=1Em2TPGR_lHH_Zn4V9l5sMFooXVzoptET&export=download,07. Possíveis Problemas no Power Query e Como Resolver (Parte 1)
CURSO - Power BI/03-Importação e Tratamento de Bases de Dados com Power Query,08. Possíveis Problemas no Power Query e Como Resolver (Parte 2) - Material(1).zip,https://drive.google.com/uc?id=1QGpOeRmoQZINOIXYNeY9jzts0Fwr07fr&export=download,08. Possíveis Problemas no Power Query e Como Resolver (Parte 2)
CURSO - Power BI/03-Importação e Tratamento de Bases de Dados com Power Query,09. Possíveis Problemas no Power Query e Como Resolver (Parte 3) - Material(1).zip,https://drive.google.com/uc?id=1H2j_ofhjXNSHMRfkQd0s_zZ5z-4EOOZ3&export=download,09. Possíveis Problemas no Power Query e Como Resolver (Parte 3)
CURSO - Power BI/03-Importação e Tratamento de Bases de Dados com Power Query,10. O que fazer quando dá erro na atualização da Base de Dados - Material(1).zip,https://drive.google.com/uc?id=1kGQ3MCLK6V7ansj6qjtIJ0G7XmfR_1TQ&export=download,10. O que fazer quando dá erro na atualização da Base de Dados
CURSO - Power BI/03-Importação e Tratamento de Bases de Dados com Power Query,11. Ferramentas de Texto e Otimização das Etapas Aplicadas - Material(1).zip,https://drive.google.com/uc?id=117zW1gOiJNvKjsF0kj1ZnwzR-kHgukMa&export=download,11. Ferramentas de Texto e Otimização das Etapas Aplicadas
CURSO - Power BI/03-Importação e Tratamento de Bases de Dados com Power Query,12. Coluna de Exemplos - Material(1).zip,https://drive.google.com/uc?id=1qsgZ2WKKFOgJdZpmRfpDxAtmOSvkG0s_&export=download,12. Coluna de Exemplos
CURSO - Power BI/03-Importação e Tratamento de Bases de Dados com Power Query,13. Mesclar Consultas (Parte 1) - Material(1).zip,https://drive.google.com/uc?id=1QUHG1tSYlOka28x8ssJpEb35wNwaAe2D&export=download,13. Mesclar Consultas (Parte 1)
CURSO - Power BI/03-Importação e Tratamento de Bases de Dados com Power Query,14. Desabilitando Carga - Material(1).zip,https://drive.google.com/uc?id=1nGz3oNFd0pury9pyOpkc3tlRHHtn_wzn&export=download,14. Desabilitando Carga
CURSO - Power BI/03-Importação e Tratamento de Bases de Dados com Power Query,15. Mesclar Consultas (Parte 2) - Material(1).zip,https://drive.google.com/uc?id=1TnjWOcs_WwokSwQfGwMxLL0fzsJcqosu&export=download,15. Mesclar Consultas (Parte 2)
CURSO - Power BI/03-Importação e Tratamento de Bases de Dados com Power Query,16. Acrescentar Consultas - Material(1).zip,https://drive.google.com/uc?id=1VSMXLwPYqHg_8Cl55SluU47Q6LAhVnww&export=download,16. Acrescentar Consultas
CURSO - Power BI/03-Importação e Tratamento de Bases de Dados com Power Query,17. Importar da Pasta - Material(1).zip,https://drive.google.com/uc?id=1vtlgKHu8yGWIbnY2H-WWpGLeVuaGofZq&export=download,17. Importar da Pasta
CURSO - Power BI/03-Importação e Tratamento de Bases de Dados com Power Query,"18. Como atualizar o Power BI com as novas vendas (2019, 2020, ) - Material(1).zip",https://drive.google.com/uc?id=1AnjGxX7If4AfyNl14yyh4EjKTvEtrw6c&export=download,"18. Como atualizar o Power BI com as novas vendas (2019, 2020, )"
CURSO - Power BI/03-Importação e Tratamento de Bases de Dados com Power Query,19. Ferramentas de Data no Power Query - Material(1).zip,https://drive.google.com/uc?id=14haL4TeHe7DNr-2uhAZwsi4_jiF1Qg5c&export=download,19. Ferramentas de Data no Power Query
CURSO - Power BI/03-Importação e Tratamento de Bases de Dados com Power Query,20. Criando Tabela Calendário Dinâmica - Material(1).zip,https://drive.google.com/uc?id=1QQEBNw75ZWoeAvJinvtVk-dMLmmeb_8Q&export=download,20. Criando Tabela Calendário Dinâmica
CURSO - Power BI/03-Importação e Tratamento de Bases de Dados com Power Query,21. Criando Colunas Auxiliares e Testando a Tabela Calendário com novas vendas - Material(1).zip,https://drive.google.com/uc?id=1X5OtlvdfrSXPE_rL9hy9WC9o38aV8LwX&export=download,21. Criando Colunas Auxiliares e Testando a Tabela Calendário com novas vendas
CURSO - Power BI/03-Importação e Tratamento de Bases de Dados com Power Query,22. Por que precisamos de uma Tabela Calendário - Material(1).zip,https://drive.google.com/uc?id=13I7sMqHHrjBW4jJJt1AGQm2v6ULlS9LJ&export=download,22. Por que precisamos de uma Tabela Calendário
CURSO - Power BI/03-Importação e Tratamento de Bases de Dados com Power Query,23. Colunas Condicionais - Material(1).zip,https://drive.google.com/uc?id=10_Nz3jk9ABI-bguxVHpi5j-8TJOOXgRs&export=download,23. Colunas Condicionais
CURSO - Power BI/03-Importação e Tratamento de Bases de Dados com Power Query,24. Configurando atualizações de consultas - Material(1).zip,https://drive.google.com/uc?id=1nWZO4WJYS_CJbZvbSS-p1kwQbfIUZ23v&export=download,24. Configurando atualizações de consultas
CURSO - Power BI/03-Importação e Tratamento de Bases de Dados com Power Query,25. Parâmetros no Power Query - Material(1).zip,https://drive.google.com/uc?id=1fytV8TZWFYebFS9Iy7Uj_LTzyCJwPoUr&export=download,25. Parâmetros no Power Query
CURSO - Power BI/03-Importação e Tratamento de Bases de Dados com Power Query,26. Importando e Tratando Bases de Dados - Boas Práticas - Material(1).zip,https://drive.google.com/uc?id=1x8AjURSaqYaqzHzdeOmXkcbPkxHM7yOt&export=download,26. Importando e Tratando Bases de Dados - Boas Práticas
CURSO - Power BI/04-Criando Relacionamentos,01. Relacionamentos no Power BI - Introdução - Material(1).zip,https://drive.google.com/uc?id=1X-QFg_pyzMqZC0qv79KuNkBCr1J2wri0&export=download,01. Relacionamentos no Power BI - Introdução
CURSO - Power BI/04-Criando Relacionamentos,03. Tabela Fato x Tabela Características - Material(1).zip,https://drive.google.com/uc?id=1SW446wnbk04GVyrLF_KkdFAsDh9tz3mh&export=download,03. Tabela Fato x Tabela Características
CURSO - Power BI/04-Criando Relacionamentos,04. Identificando as Tabelas Fato e Tabelas Características - Material(1).zip,https://drive.google.com/uc?id=1FmOyR424vQZYxXn0K7bYEdSH9AcVYax-&export=download,04. Identificando as Tabelas Fato e Tabelas Características
CURSO - Power BI/04-Criando Relacionamentos,05. Chave Primária x Chave Estrangeira - Material(1).zip,https://drive.google.com/uc?id=1acqBFtJ1kbUBWCjmikumUA6EH_rTawrl&export=download,05. Chave Primária x Chave Estrangeira
CURSO - Power BI/04-Criando Relacionamentos,06. Identificando as Chaves Primárias e Estrangeiras - Material(1).zip,https://drive.google.com/uc?id=15ymDzcwGETFCx8AC3cMFNOx42K4TxwVV&export=download,06. Identificando as Chaves Primárias e Estrangeiras
CURSO - Power BI/04-Criando Relacionamentos,07. Por que precisamos criar Relacionamentos entre Tabelas - Material(1).zip,https://drive.google.com/uc?id=1OQwDZjU2S5V8xO8Cw13bnmbbHrKC4rCL&export=download,07. Por que precisamos criar Relacionamentos entre Tabelas
CURSO - Power BI/04-Criando Relacionamentos,08. Criando Relacionamentos - Material(1).zip,https://drive.google.com/uc?id=10C7AnRCvWbal_fCYCkWZHreXYs-Uuny9&export=download,08. Criando Relacionamentos
CURSO - Power BI/04-Criando Relacionamentos,10. O que um Relacionamento muda na prática - Material(1).zip,https://drive.google.com/uc?id=1oeSiI6BKtfzX0HrQPl7alFitxaiw0CXn&export=download,10. O que um Relacionamento muda na prática
CURSO - Power BI/04-Criando Relacionamentos,11. Gerenciando e Editando Relacionamentos - Material(1).zip,https://drive.google.com/uc?id=1WmxRQ3vPXSzjfjUtIeqokXqnL_3HN1O8&export=download,11. Gerenciando e Editando Relacionamentos
CURSO - Power BI/04-Criando Relacionamentos,12. Relações Ativas x Relações Inativas (Parte 1) - Material(1).zip,https://drive.google.com/uc?id=1x39J7PgpfVcstwF59d7NhxLq_jGIEfYF&export=download,12. Relações Ativas x Relações Inativas (Parte 1)
CURSO - Power BI/04-Criando Relacionamentos,13. Relações Ativas x Relações Inativas (Parte 2) - Material(1).zip,https://drive.google.com/uc?id=1GTqGcvl6InK-K9cd1RoMEnF6GrIsVbg-&export=download,13. Relações Ativas x Relações Inativas (Parte 2)
CURSO - Power BI/04-Criando Relacionamentos,14. Cardinalidade dos Relacionamentos - Material(1).zip,https://drive.google.com/uc?id=12quWweyC-K6d2YXFIyV1jRjE9hLn2yCP&export=download,14. Cardinalidade dos Relacionamentos
CURSO - Power BI/04-Criando Relacionamentos,15. Trabalhando com várias Tabelas Fato (Parte 1) - Material(1).zip,https://drive.google.com/uc?id=1DaY5CotLTlKMUySt1DH7IMpw5Sduzz78&export=download,15. Trabalhando com várias Tabelas Fato (Parte 1)
CURSO - Power BI/04-Criando Relacionamentos,16. Trabalhando com várias Tabelas Fato (Parte 2) - Material(1).zip,https://drive.google.com/uc?id=1AQcmjQhuqJ-3gv1OYNeXDKwEkExoyZGC&export=download,16. Trabalhando com várias Tabelas Fato (Parte 2)
CURSO - Power BI/04-Criando Relacionamentos,17. Entendendo a direção do Filtro - Material(1).zip,https://drive.google.com/uc?id=1LWWzNfp_W0FXbjsmajFvbOHeIwJSxsu6&export=download,17. Entendendo a direção do Filtro
CURSO - Power BI/04-Criando Relacionamentos,18. Filtro Bidirecional - Material(1).zip,https://drive.google.com/uc?id=166wSltdlmBsEsbnaNSDG9zDRZ9l5yf1i&export=download,18. Filtro Bidirecional
CURSO - Power BI/04-Criando Relacionamentos,19. Ocultando Campos do Relatório - Material(1).zip,https://drive.google.com/uc?id=1n1FkX-m_MMuWsQK75fRrgkEwA85VfP1v&export=download,19. Ocultando Campos do Relatório
CURSO - Power BI/04-Criando Relacionamentos,20. Criando Relacionamentos - Boas Práticas - Material(1).zip,https://drive.google.com/uc?id=1TktQZyZxMpJTyIyEaubDY2AmJOh7P37H&export=download,20. Criando Relacionamentos - Boas Práticas
CURSO - Power BI/05-Funções DAX,01. Introdução - Material(1).zip,https://drive.google.com/uc?id=10dQe_ms2lXhflr9z7yPyk_M4Qdw7Xnrg&export=download,01. Introdução
CURSO - Power BI/05-Funções DAX,03. Introdução às fórmulas DAX (Expressões de Análise de Dados) - Material(1).zip,https://drive.google.com/uc?id=174tQOIT1_mGS90kazngaLwBtEk9mg982&export=download,03. Introdução às fórmulas DAX (Expressões de Análise de Dados)
CURSO - Power BI/05-Funções DAX,04. Introdução a Colunas Calculadas (Parte 1) - Material(1).zip,https://drive.google.com/uc?id=12mBs8LI0pNe7dYuyk3cCcunKh59q2sGn&export=download,04. Introdução a Colunas Calculadas (Parte 1)
CURSO - Power BI/05-Funções DAX,05. Introdução a Colunas Calculadas (Parte 2) - Material(1).zip,https://drive.google.com/uc?id=1pCF4jY95BGvRQtp8CqXBgrozlLxP9QbF&export=download,05. Introdução a Colunas Calculadas (Parte 2)
CURSO - Power BI/05-Funções DAX,06. Introdução a Medidas - Material(1).zip,https://drive.google.com/uc?id=1Devcv7YhZSADS6fKPEKlaDAvLziXmirj&export=download,06. Introdução a Medidas
CURSO - Power BI/05-Funções DAX,07. Recapitulando - Colunas Calculadas x Medidas - Material(1).zip,https://drive.google.com/uc?id=11coXiy3cv5OD4thVPQ3lPFdccUj3u7CW&export=download,07. Recapitulando - Colunas Calculadas x Medidas
CURSO - Power BI/05-Funções DAX,08. DAX - Sintaxe e Principais Operadores - Material(1).pdf,https://drive.google.com/uc?id=14mH5HL6317K7APWJ4Slf-UoZ5dZI6RFs&export=download,08. DAX - Sintaxe e Principais Operadores - Material(1).pdf
CURSO - Power BI/05-Funções DAX,08. DAX - Sintaxe e Principais Operadores - Material(2).zip,https://drive.google.com/uc?id=1Rd3qRkNaICg3ESJoW-pzv-skUDDfkFFv&export=download,08. DAX - Sintaxe e Principais Operadores
CURSO - Power BI/05-Funções DAX,09. DAX - Principais Fórmulas - Material(1).pdf,https://drive.google.com/uc?id=1i29LvaMkVswNagQ9VyOkmGbK2cq6phM-&export=download,09. DAX - Principais Fórmulas - Material(1).pdf
CURSO - Power BI/05-Funções DAX,09. DAX - Principais Fórmulas - Material(2).zip,https://drive.google.com/uc?id=1ouz8nGtjrerLLxHROV3OlrTl20sGw3nx&export=download,09. DAX - Principais Fórmulas
CURSO - Power BI/05-Funções DAX,10. Fórmulas de Data (Parte 1) - Material(1).zip,https://drive.google.com/uc?id=1n7AuMw-vkyLxhDNvxFdIk2OFUH9cZFqa&export=download,10. Fórmulas de Data (Parte 1)
CURSO - Power BI/05-Funções DAX,11. Fórmulas de Data (Parte 2) - Material(1).zip,https://drive.google.com/uc?id=1bdBYIGIERYE-EYbu_2Cpq94IIKp_qr7h&export=download,11. Fórmulas de Data (Parte 2)
CURSO - Power BI/05-Funções DAX,12. Fórmulas de Data (Parte 3) - Material(1).zip,https://drive.google.com/uc?id=1WuiLBECY_uvagOTym1wwIsQ12YAOK04Z&export=download,12. Fórmulas de Data (Parte 3)
CURSO - Power BI/05-Funções DAX,13. Função IF - Material(1).zip,https://drive.google.com/uc?id=1ezjoyO5BYnT1oUXNE3jRTESAAZbuWHfR&export=download,13. Função IF
CURSO - Power BI/05-Funções DAX,14. Função IF composta (aninhada) - Material(1).zip,https://drive.google.com/uc?id=1Vq-DPd1f4iPP9-ay_xtJWAlEZONldOZ9&export=download,14. Função IF composta (aninhada)
CURSO - Power BI/05-Funções DAX,15. IF com várias Condições (OR) - Parte 1 - Material(1).zip,https://drive.google.com/uc?id=1QzClN41QlBFs-eib-rEA3gwTNQaMSGZJ&export=download,15. IF com várias Condições (OR) - Parte 1
CURSO - Power BI/05-Funções DAX,16. IF com várias Condições (OR) - Parte 2 - Material(1).zip,https://drive.google.com/uc?id=1pf7UXLZkcqOhSj-BIry21lHrBSgz_UyD&export=download,16. IF com várias Condições (OR) - Parte 2
CURSO - Power BI/05-Funções DAX,17. Função IF com várias Condições (AND) - Parte 1 - Material(1).zip,https://drive.google.com/uc?id=1hpPGQ71-qIoOqDunPpui8Bhw1S21zp_s&export=download,17. Função IF com várias Condições (AND) - Parte 1
CURSO - Power BI/05-Funções DAX,18. Função IF com várias Condições (AND) - Parte 2 - Material(1).zip,https://drive.google.com/uc?id=127MwONnzEC13O_h3X9rZ5Qd-AbwieLTQ&export=download,18. Função IF com várias Condições (AND) - Parte 2
CURSO - Power BI/05-Funções DAX,19. Fórmulas de Texto - Visão Geral - Material(1).pdf,https://drive.google.com/uc?id=11taUKzcur477kY_txU2svhBucJf5h8wg&export=download,19. Fórmulas de Texto - Visão Geral - Material(1).pdf
CURSO - Power BI/05-Funções DAX,19. Fórmulas de Texto - Visão Geral - Material(2).zip,https://drive.google.com/uc?id=1NA2LOr_VGz-oKUROoHxIYDcJUbWrGprC&export=download,19. Fórmulas de Texto - Visão Geral
CURSO - Power BI/05-Funções DAX,20. Função CONCATENATE - Material(1).zip,https://drive.google.com/uc?id=1czSj_SlXOkLOdkdFYYXHe7_xiN85PHWd&export=download,20. Função CONCATENATE
CURSO - Power BI/05-Funções DAX,23. Funções RIGHT e MID - Explicação - Material(1).zip,https://drive.google.com/uc?id=1wGMH6-pdPWVywxfwUf_Ojf4LYcgWc_ff&export=download,23. Funções RIGHT e MID - Explicação
CURSO - Power BI/05-Funções DAX,24. Funções RIGHT e MID - Aplicação - Material(1).zip,https://drive.google.com/uc?id=1dW56Q6sY_uDxjBFDlxSYDwGLNAAbM3PE&export=download,24. Funções RIGHT e MID - Aplicação
CURSO - Power BI/05-Funções DAX,25. Fórmula RELATED - Material(1).zip,https://drive.google.com/uc?id=1UIaVonwlYkBuwZ8ctOhsXJ4jXbuSzZ0g&export=download,25. Fórmula RELATED
CURSO - Power BI/05-Funções DAX,26. Funções Matemáticas - Explicação - Material(1).pdf,https://drive.google.com/uc?id=13PM-FPRsfKbc6w9WJQ4XqZpymqcgyLTL&export=download,26. Funções Matemáticas - Explicação - Material(1).pdf
CURSO - Power BI/05-Funções DAX,26. Funções Matemáticas - Explicação - Material(2).zip,https://drive.google.com/uc?id=1NreRSzkjTtBSUwgsDL0aGFbJz0viqZwb&export=download,26. Funções Matemáticas - Explicação
CURSO - Power BI/05-Funções DAX,27. Função SUM - Material(1).zip,https://drive.google.com/uc?id=1SrkJDwGE-Y01r-6B_wNPpGVxCKSyLqUl&export=download,27. Função SUM
CURSO - Power BI/05-Funções DAX,28. Funções de Divisão e Aplicando Medidas em Matrizes - Material(1).zip,https://drive.google.com/uc?id=1yyoDGyz5KCa7wZ-1sX227pKXcEtKp89a&export=download,28. Funções de Divisão e Aplicando Medidas em Matrizes
CURSO - Power BI/05-Funções DAX,29. Função AVERAGE - Material(1).zip,https://drive.google.com/uc?id=1zQZohxyZSNpD6AqBd8QcdAOzjIdYWqtS&export=download,29. Função AVERAGE
CURSO - Power BI/05-Funções DAX,30. Funções MAX e MIN - Material(1).zip,https://drive.google.com/uc?id=1ajH2U4DYXgeIAJicphaEs1ZkLizV9rre&export=download,30. Funções MAX e MIN
CURSO - Power BI/05-Funções DAX,31. Funções de Contagem - Explicação - Material(1).pdf,https://drive.google.com/uc?id=1kAYWIM7tVFukT2LhL6qbamfGIW9MhzV5&export=download,31. Funções de Contagem - Explicação - Material(1).pdf
CURSO - Power BI/05-Funções DAX,31. Funções de Contagem - Explicação - Material(2).zip,https://drive.google.com/uc?id=1YUXc307CCwhC2eIHB1ez6T971GMb9Qzo&export=download,31. Funções de Contagem - Explicação
CURSO - Power BI/05-Funções DAX,32. Função COUNT (Parte 1) - Material(1).zip,https://drive.google.com/uc?id=1ZAbXW6ooiM4WgKh2WY54DyaKda2tq6B3&export=download,32. Função COUNT (Parte 1)
CURSO - Power BI/05-Funções DAX,33. Função COUNT (Parte 2) - Material(1).zip,https://drive.google.com/uc?id=1K-xfJGPjZc8SZ6FvG-3fcfgxgm2NXtQG&export=download,33. Função COUNT (Parte 2)
CURSO - Power BI/05-Funções DAX,34. Função COUNTA - Material(1).zip,https://drive.google.com/uc?id=1KxuXyaQsrgDTduIxeRAJRFzL6LEjoNHF&export=download,34. Função COUNTA
CURSO - Power BI/05-Funções DAX,35. Função DISTINCTCOUNT - Material(1).zip,https://drive.google.com/uc?id=1_8Oawg9n5eH38-p2zgBy43tLZE7WA_Oi&export=download,35. Função DISTINCTCOUNT
CURSO - Power BI/05-Funções DAX,36. Função COUNTROWS - Material(1).zip,https://drive.google.com/uc?id=1077uZ3RGV_V_uhOdGraiWLY-Yj9cjyMU&export=download,36. Função COUNTROWS
CURSO - Power BI/05-Funções DAX,37. Fórmula CALCULATE (Parte 1) - Material(1).zip,https://drive.google.com/uc?id=1vobsCrE_k9wf8ymU0i-RLl6AOvb05VK2&export=download,37. Fórmula CALCULATE (Parte 1)
CURSO - Power BI/05-Funções DAX,38. Fórmula CALCULATE (Parte 2) - Material(1).zip,https://drive.google.com/uc?id=12J970ENB0lsa0uEowBSRxfTe-iyvKnpC&export=download,38. Fórmula CALCULATE (Parte 2)
CURSO - Power BI/05-Funções DAX,39. Fórmula CALCULATE (Parte 3) - Material(1).zip,https://drive.google.com/uc?id=1kwmVglhZOUWeoqw81fHjJCYXZOCySIT6&export=download,39. Fórmula CALCULATE (Parte 3)
CURSO - Power BI/05-Funções DAX,40. Fórmula CALCULATE (Parte 4) - Material(1).zip,https://drive.google.com/uc?id=18Ls4u2P4qy6JpVYAptEY5gtek5cdqs9q&export=download,40. Fórmula CALCULATE (Parte 4)
CURSO - Power BI/05-Funções DAX,41. Fórmula ALL (Explicaçao) - Material(1).pdf,https://drive.google.com/uc?id=1ZhOt5HhnVAlTGudkmq1dyBiQjrGP4KVD&export=download,41. Fórmula ALL (Explicaçao) - Material(1).pdf
CURSO - Power BI/05-Funções DAX,41. Fórmula ALL (Explicaçao) - Material(2).zip,https://drive.google.com/uc?id=1mGUVkJhM0VGdC0oI8M8WPUZ3cPycuDaW&export=download,41. Fórmula ALL (Explicaçao)
CURSO - Power BI/05-Funções DAX,42. Fórmulas CALCULATE & ALL - Material(1).zip,https://drive.google.com/uc?id=1VB0lACxhQ_CdU3I0ge1BsP3508obt3iH&export=download,42. Fórmulas CALCULATE & ALL
CURSO - Power BI/05-Funções DAX,43. Fórmulas CALCULATE & ALL (Parte 2) - Material(1).zip,https://drive.google.com/uc?id=1HN04-Pwi7xHJ3mfPC9twl2ft3EEKU-xz&export=download,43. Fórmulas CALCULATE & ALL (Parte 2)
CURSO - Power BI/05-Funções DAX,44. Fórmula FILTER (Parte 1) - Material(1).pdf,https://drive.google.com/uc?id=1xFMsGF0e8fDNQ4dPLF_mz3dkJBn4emqJ&export=download,44. Fórmula FILTER (Parte 1) - Material(1).pdf
CURSO - Power BI/05-Funções DAX,44. Fórmula FILTER (Parte 1) - Material(2).zip,https://drive.google.com/uc?id=1ZBrPozhudDSoDxuIfSSDhXgxeOrlt7U6&export=download,44. Fórmula FILTER (Parte 1)
CURSO - Power BI/05-Funções DAX,45. Fórmula FILTER (Parte 2) - Material(1).zip,https://drive.google.com/uc?id=1HdEY6eVoxN7qUS_nVuhEagUphft_QrOm&export=download,45. Fórmula FILTER (Parte 2)
CURSO - Power BI/05-Funções DAX,46. Fórmula FILTER (Parte 3) - Material(1).zip,https://drive.google.com/uc?id=16kUrapzSS2LYDx1_n4bw_rmkvROVMs4B&export=download,46. Fórmula FILTER (Parte 3)
CURSO - Power BI/05-Funções DAX,48. Funções Iteradoras (X) - Explicação - Material(1).zip,https://drive.google.com/uc?id=1FFRClHLoFr8re-2BWp5eUum9Y8mv1Gvw&export=download,48. Funções Iteradoras (X) - Explicação
CURSO - Power BI/05-Funções DAX,49. Função SUMX - Material(1).zip,https://drive.google.com/uc?id=1YWTK5SebybpirclhBpL5I4Ao_5fUtwWB&export=download,49. Função SUMX
CURSO - Power BI/05-Funções DAX,50. Função AVERAGEX - Material(1).zip,https://drive.google.com/uc?id=1tEzyupZ3_gxJxGD_S2JpxLlvVTF6Fzcc&export=download,50. Função AVERAGEX
CURSO - Power BI/05-Funções DAX,51. Funções Iteradoras (X) - Recapitulando - Material(1).zip,https://drive.google.com/uc?id=1h34rtDFS1wgWKWINplNx7KxrMvsrZP3U&export=download,51. Funções Iteradoras (X) - Recapitulando
CURSO - Power BI/05-Funções DAX,52. Função MAXX - Material(1).zip,https://drive.google.com/uc?id=1yxPzKY8FVqPI6YQ62tf4dd1dS9er3_A8&export=download,52. Função MAXX
CURSO - Power BI/05-Funções DAX,53. Correção da Medida com a Função FILTER - Material(1).zip,https://drive.google.com/uc?id=1pZMaDP7luwYTix98oVE5FBB1p8RpAArT&export=download,53. Correção da Medida com a Função FILTER
CURSO - Power BI/05-Funções DAX,54. Funções de Inteligência de Tempo - Explicação - Material(1).pdf,https://drive.google.com/uc?id=1j-yaDwl7rUeeWCzr8NWZHlQ7cVRQkkbc&export=download,54. Funções de Inteligência de Tempo - Explicação - Material(1).pdf
CURSO - Power BI/05-Funções DAX,54. Funções de Inteligência de Tempo - Explicação - Material(2).zip,https://drive.google.com/uc?id=1F1nitXiUWd0tCyG5p8VUZfJXIzyzFrFh&export=download,54. Funções de Inteligência de Tempo - Explicação
CURSO - Power BI/05-Funções DAX,55. Inteligência de Tempo - Função DATESYTD (Acumulado no Ano) - Material(1).zip,https://drive.google.com/uc?id=1fhdYAUJZDiUzLmvyJ4NibHyYVMxe3bP1&export=download,55. Inteligência de Tempo - Função DATESYTD (Acumulado no Ano)
CURSO - Power BI/05-Funções DAX,56. Inteligência de Tempo - Função DATESMTD (Acumulado no Mês) - Material(1).zip,https://drive.google.com/uc?id=1eXU-7p1fABgwvz1fL9e2ebFHB4o7C-EZ&export=download,56. Inteligência de Tempo - Função DATESMTD (Acumulado no Mês)
CURSO - Power BI/05-Funções DAX,57. Inteligência de Tempo - Função DATEADD - Comparação Entre Períodos - Material(1).zip,https://drive.google.com/uc?id=18N5AskW2MHThg5nlFTpNiUHjFV5svKKe&export=download,57. Inteligência de Tempo - Função DATEADD - Comparação Entre Períodos
CURSO - Power BI/05-Funções DAX,58. Inteligência de Tempo - Função DATESINPERIOD - Material(1).zip,https://drive.google.com/uc?id=1gcuy4Dk8Wr57rB_JD5p1QfBQqTVTeIZm&export=download,58. Inteligência de Tempo - Função DATESINPERIOD
CURSO - Power BI/05-Funções DAX,59. Fórmulas DAX - Boas Práticas - Material(1).zip,https://drive.google.com/uc?id=1K3XL5vwmJGHuv1YDgsuurLDCiuvTqRSe&export=download,59. Fórmulas DAX - Boas Práticas
CURSO - Power BI/06-Criando Relatórios e Dashboards,01. Relatórios no POWER BI - Introdução - Material(1).png,https://drive.google.com/uc?id=1N4-6HoIhK3s5tKBbeNORiT63Z2bxRT59&export=download,01. Relatórios no POWER BI - Introdução - Material(1).png
CURSO - Power BI/06-Criando Relatórios e Dashboards,01. Relatórios no POWER BI - Introdução - Material(2).ZIP,https://drive.google.com/uc?id=1HxNaVr_cYLf3_iZYEXbPf1c9Lt8BYYsS&export=download,01. Relatórios no POWER BI - Introdução
CURSO - Power BI/06-Criando Relatórios e Dashboards,02. Inserindo objetos simples - Material(1).png,https://drive.google.com/uc?id=1_2gxrC6LR51ByUd_VgNpDNITqDE_TM11&export=download,02. Inserindo objetos simples - Material(1).png
CURSO - Power BI/06-Criando Relatórios e Dashboards,02. Inserindo objetos simples - Material(2).ZIP,https://drive.google.com/uc?id=1ZQ8GfrFYU7LOpT5kd4BXOuSfZdByEaBp&export=download,02. Inserindo objetos simples
CURSO - Power BI/06-Criando Relatórios e Dashboards,03. Gráficos de Barras - Material(1).zip,https://drive.google.com/uc?id=1KFqnaU4LA5TSCydqnYgLt1sICQLrxFKH&export=download,03. Gráficos de Barras
CURSO - Power BI/06-Criando Relatórios e Dashboards,04. Formatação de Gráfico - Material(1).zip,https://drive.google.com/uc?id=1avPeRPr_Vanmh6S9xxmcozc7pF4YLNfB&export=download,04. Formatação de Gráfico
CURSO - Power BI/06-Criando Relatórios e Dashboards,05. Formatação Condicional de Gráfico - Material(1).zip,https://drive.google.com/uc?id=19EY-cf1ctaIRSyuCTBgQ8pJi1fgYAIsy&export=download,05. Formatação Condicional de Gráfico
CURSO - Power BI/06-Criando Relatórios e Dashboards,06. Gráfico de Colunas - Material(1).zip,https://drive.google.com/uc?id=1myXlFDhEYlNWtfIXEoV_7-Dxr0xixQah&export=download,06. Gráfico de Colunas
CURSO - Power BI/06-Criando Relatórios e Dashboards,08. Gráfico de Coluna Empilhada (Parte 2) - Material(1).zip,https://drive.google.com/uc?id=1TncJXvAMZcvdIFXrIRK1rvn_5KUlF_w2&export=download,08. Gráfico de Coluna Empilhada (Parte 2)
CURSO - Power BI/06-Criando Relatórios e Dashboards,09. Filtros de Nível Visual (Parte 1) - Material(1).zip,https://drive.google.com/uc?id=1RioNUMb1zFXZnas-TcISKRkmx9uVO8HU&export=download,09. Filtros de Nível Visual (Parte 1)
CURSO - Power BI/06-Criando Relatórios e Dashboards,10. Filtros de Nível Visual (Parte 2) - Material(1).zip,https://drive.google.com/uc?id=1LalsYP_Umr3AAHMN7QNy1jJfhMXRQCWJ&export=download,10. Filtros de Nível Visual (Parte 2)
CURSO - Power BI/06-Criando Relatórios e Dashboards,11. Filtros de Página - Material(1).zip,https://drive.google.com/uc?id=1Z3ZB3sdJTxoUzGEzdVTu5mipkykcjZ4q&export=download,11. Filtros de Página
CURSO - Power BI/06-Criando Relatórios e Dashboards,13. Segmentação de Dados - Material(1).zip,https://drive.google.com/uc?id=18Ml4Te7e_tZup8zgJhjtgJVVKF2jia1D&export=download,13. Segmentação de Dados
CURSO - Power BI/06-Criando Relatórios e Dashboards,14. Cartões no Power BI - Material(1).zip,https://drive.google.com/uc?id=1CMa73nn8Dh4NSWsTeh6FRbTrIObaSQ5w&export=download,14. Cartões no Power BI
CURSO - Power BI/06-Criando Relatórios e Dashboards,15. KPIs (Parte 1) - Material(1).zip,https://drive.google.com/uc?id=11vBi7Ce-8nMAsve4oaayC3Htc3E4yVcH&export=download,15. KPIs (Parte 1)
CURSO - Power BI/06-Criando Relatórios e Dashboards,16. KPIs (Parte 2) - Material(1).zip,https://drive.google.com/uc?id=1oGQPKL5-qppprWQ-7woYG_8auMMy2KB8&export=download,16. KPIs (Parte 2)
CURSO - Power BI/06-Criando Relatórios e Dashboards,17. Gráficos de Mapa - Material(1).zip,https://drive.google.com/uc?id=1i0xCdI3LgCpPWowi00dpvOZwCvJ6jPsl&export=download,17. Gráficos de Mapa
CURSO - Power BI/06-Criando Relatórios e Dashboards,18. Gráficos de Linha e Área - Material(1).zip,https://drive.google.com/uc?id=1bfRB12v8ESJBcr91x-m120WC9YnZLhNE&export=download,18. Gráficos de Linha e Área
CURSO - Power BI/06-Criando Relatórios e Dashboards,19. Gráfico de Árvore - Material(1).zip,https://drive.google.com/uc?id=17mvOcLOTbNI7q1kVEr_0AmrQ7c0rxAsG&export=download,19. Gráfico de Árvore
CURSO - Power BI/06-Criando Relatórios e Dashboards,20. Gráfico de Funil - Material(1).zip,https://drive.google.com/uc?id=19XgiH4E1iI7jW-7uT0UDAbVeZ9EgvxEe&export=download,20. Gráfico de Funil
CURSO - Power BI/06-Criando Relatórios e Dashboards,21. Gráfico de Rosca e Pizza - Material(1).zip,https://drive.google.com/uc?id=17MMQfokC1OdrnxYDdjBxe7P4NE3Wi52H&export=download,21. Gráfico de Rosca e Pizza
CURSO - Power BI/06-Criando Relatórios e Dashboards,23. Finalizando o Dashboard (Parte 1) - Material(1).zip,https://drive.google.com/uc?id=1lq-71WxyF0szujETqbz_hdQkFU52Ayz3&export=download,23. Finalizando o Dashboard (Parte 1)
CURSO - Power BI/06-Criando Relatórios e Dashboards,25. Finalizando do Dashboard (Parte 3) - Material(1).zip,https://drive.google.com/uc?id=108-NNW7EsukQMOY1CFsZzLs0Ir3rPL75&export=download,25. Finalizando do Dashboard (Parte 3)
CURSO - Power BI/06-Criando Relatórios e Dashboards,27. Finalizando o Dashboard (Parte 5) - Material(1).zip,https://drive.google.com/uc?id=1grVF2m8ArRrlPLGLToTnD_wl2rct5CV8&export=download,27. Finalizando o Dashboard (Parte 5)
CURSO - Power BI/06-Criando Relatórios e Dashboards,28. Finalizando o Dashboard (Parte 6) - Material(1).zip,https://drive.google.com/uc?id=1JboV8m3YCeBQUCuAJzN0Wdc5Rfkxgl3B&export=download,28. Finalizando o Dashboard (Parte 6)
CURSO - Power BI/06-Criando Relatórios e Dashboards,29. Criando Hiperlinks - Material(1).zip,https://drive.google.com/uc?id=1QWXeJC-lGukipvAVCEzcqZ5NVZ4Cq3ph&export=download,29. Criando Hiperlinks
CURSO - Power BI/06-Criando Relatórios e Dashboards,31. Editando Interações do Relatório (Parte 2) - Material(1).zip,https://drive.google.com/uc?id=10C2MCKiH7DP5fPDXDsSZMs-egCOqTYRh&export=download,31. Editando Interações do Relatório (Parte 2)
CURSO - Power BI/06-Criando Relatórios e Dashboards,32. Editando Interações do Relatório (Parte 3) - Material(1).zip,https://drive.google.com/uc?id=1l_Ar8lHeguJjbp_WB64Z7AQa-bopbezi&export=download,32. Editando Interações do Relatório (Parte 3)
CURSO - Power BI/07-Criando Relatórios e Dashboards-Parte 2,02. Construindo o Layout no PowerPoint (Parte 1) - Material(1).zip,https://drive.google.com/uc?id=11FNOsDks-G_9y2Ne3se10mLnGb2qJuO6&export=download,02. Construindo o Layout no PowerPoint (Parte 1)
CURSO - Power BI/07-Criando Relatórios e Dashboards-Parte 2,03. Construindo o Layout no PowerPoint (Parte 2) - Material(1).zip,https://drive.google.com/uc?id=1UKuTfAKe9T2Hpl_kebeR-Z9j-oXdtSHL&export=download,03. Construindo o Layout no PowerPoint (Parte 2)
CURSO - Power BI/07-Criando Relatórios e Dashboards-Parte 2,04. Construindo o Layout no PowerPoint (Parte 3) - Material(1).zip,https://drive.google.com/uc?id=1klbgVbp-uz1pagq8YKiN6JW6EXQnAbwy&export=download,04. Construindo o Layout no PowerPoint (Parte 3)
CURSO - Power BI/07-Criando Relatórios e Dashboards-Parte 2,05. Preparando o Layout do Relatório no Power BI - Material(1).zip,https://drive.google.com/uc?id=1T0GR0UuzOJUcMvlyqpHOScK6dHdXnY6-&export=download,05. Preparando o Layout do Relatório no Power BI
CURSO - Power BI/07-Criando Relatórios e Dashboards-Parte 2,06. Criando as Medidas e Cartões (Parte 1) - Material(1).zip,https://drive.google.com/uc?id=1Z6x6Hb05Um7FkSXbURgv9SaR6BN0tG3P&export=download,06. Criando as Medidas e Cartões (Parte 1)
CURSO - Power BI/07-Criando Relatórios e Dashboards-Parte 2,07. Criando as Medidas e Cartões (Parte 2) - Material(1).zip,https://drive.google.com/uc?id=1JoYQe3tKUvFRkYZUH1YBe1Pk4267fTLZ&export=download,07. Criando as Medidas e Cartões (Parte 2)
CURSO - Power BI/07-Criando Relatórios e Dashboards-Parte 2,08. Criando as Medidas e Cartões (Parte 3) - Material(1).zip,https://drive.google.com/uc?id=1eCml9nvFj_NktClfPJ2qDUPo0-RwTec-&export=download,08. Criando as Medidas e Cartões (Parte 3)
CURSO - Power BI/07-Criando Relatórios e Dashboards-Parte 2,09. Criando as Medidas e Cartões (Parte 4) - Material(1).zip,https://drive.google.com/uc?id=1lUvUNDQ1wfaRVtbpxXHCYLQCcm8o8R5d&export=download,09. Criando as Medidas e Cartões (Parte 4)
CURSO - Power BI/07-Criando Relatórios e Dashboards-Parte 2,10. Gráfico de Área e como ordenar o Gráfico por mês - Material(1).zip,https://drive.google.com/uc?id=1ls1OYJCzY_Brr8NuatxXP1iJy4stRFau&export=download,10. Gráfico de Área e como ordenar o Gráfico por mês
CURSO - Power BI/07-Criando Relatórios e Dashboards-Parte 2,11. Gráfico de Barras - Material(1).zip,https://drive.google.com/uc?id=1YhdBhfBOUOlx3YROKtLtZpQtuzlqCTOR&export=download,11. Gráfico de Barras
CURSO - Power BI/07-Criando Relatórios e Dashboards-Parte 2,12. Formatação Condicional de Gráfico - Material(1).zip,https://drive.google.com/uc?id=1TiYiNUcUTHUKeDH63GQTS5Zq6iJ_53cY&export=download,12. Formatação Condicional de Gráfico
CURSO - Power BI/07-Criando Relatórios e Dashboards-Parte 2,13. Gráfico de Árvore e Filtro Top N - Material(1).zip,https://drive.google.com/uc?id=1WY6z0lIV214nZDZpe4Nes67wYknOKxX6&export=download,13. Gráfico de Árvore e Filtro Top N
CURSO - Power BI/07-Criando Relatórios e Dashboards-Parte 2,15. Gráfico de Coluna - Material(1).zip,https://drive.google.com/uc?id=18UBuv2J6fLHFDhs5BY_AUhHagVZFZzXv&export=download,15. Gráfico de Coluna
CURSO - Power BI/07-Criando Relatórios e Dashboards-Parte 2,16. Criando Análises Inteligentes com o Filtro Drill Down - Material(1).zip,https://drive.google.com/uc?id=1cPygA1u_mrUkH72nBEVCzyA8z9KAeJmW&export=download,16. Criando Análises Inteligentes com o Filtro Drill Down
CURSO - Power BI/07-Criando Relatórios e Dashboards-Parte 2,21. Gráfico de Scroller - Material(1).zip,https://drive.google.com/uc?id=1V-DqcsFizEymgoclxjghncOJXt5tRNNc&export=download,21. Gráfico de Scroller
CURSO - Power BI/07-Criando Relatórios e Dashboards-Parte 2,22. Tooltip - Dicas de Ferramentas (Opção Básica) - Material(1).zip,https://drive.google.com/uc?id=1935HBX2unHgA-M57PMqWrFuYRuFMg7vx&export=download,22. Tooltip - Dicas de Ferramentas (Opção Básica)
CURSO - Power BI/07-Criando Relatórios e Dashboards-Parte 2,23. Tooltip - Dicas de Ferramentas (Opção Avançada - Parte 1) - Material(1).zip,https://drive.google.com/uc?id=1dResLQaFFBHkJitK2NQk16gL59jWjHjA&export=download,23. Tooltip - Dicas de Ferramentas (Opção Avançada - Parte 1)
CURSO - Power BI/07-Criando Relatórios e Dashboards-Parte 2,24. Tooltip - Dicas de Ferramentas (Opção Avançada - Parte 2) - Material(1).zip,https://drive.google.com/uc?id=1q2o7wDps08R67_hx3FvMotu94T0h4u6q&export=download,24. Tooltip - Dicas de Ferramentas (Opção Avançada - Parte 2)
CURSO - Power BI/07-Criando Relatórios e Dashboards-Parte 2,25. Tooltip - Dicas de Ferramentas (Opção Avançada - Parte 3) - Material(1).zip,https://drive.google.com/uc?id=1mCM-zh-1KCuHP1NMUj7bM9-HnRq08ytW&export=download,25. Tooltip - Dicas de Ferramentas (Opção Avançada - Parte 3)
CURSO - Power BI/07-Criando Relatórios e Dashboards-Parte 2,26. Tooltip - Dicas de Ferramentas (Opção Avançada - Parte 4) - Material(1).zip,https://drive.google.com/uc?id=13tgq6WT0veYdk9nHfOGgLYNVeNkshnZP&export=download,26. Tooltip - Dicas de Ferramentas (Opção Avançada - Parte 4)
CURSO - Power BI/07-Criando Relatórios e Dashboards-Parte 2,28. KPI´s (Parte 1) - Material(1).zip,https://drive.google.com/uc?id=1eqaP_DG03OW-I6WGn88DGQ1lOtreF08o&export=download,28. KPI´s (Parte 1)
CURSO - Power BI/07-Criando Relatórios e Dashboards-Parte 2,29. KPI´s (Parte 2) - Material(1).zip,https://drive.google.com/uc?id=12OxTyZR-s2E7j5k1IhJnO0YoZTYtZKe8&export=download,29. KPI´s (Parte 2)
CURSO - Power BI/07-Criando Relatórios e Dashboards-Parte 2,30. KPI´s (Parte 3) - Material(1).zip,https://drive.google.com/uc?id=1n6vE7S9gfaN9K19muGVtHKnHuaSvQiUB&export=download,30. KPI´s (Parte 3)
CURSO - Power BI/07-Criando Relatórios e Dashboards-Parte 2,31. Gráfico de Colunas - Material(1).zip,https://drive.google.com/uc?id=1Tl5usf_1b9adyqBCP6DXvu1ejsJPtGno&export=download,31. Gráfico de Colunas
CURSO - Power BI/07-Criando Relatórios e Dashboards-Parte 2,32. Formatação Condicional Dinâmica - Material(1).zip,https://drive.google.com/uc?id=1B3kjfBE0E4MNF2KDd6F_t5eyoQGH5cLg&export=download,32. Formatação Condicional Dinâmica
CURSO - Power BI/07-Criando Relatórios e Dashboards-Parte 2,33. Reutilizando as Segmentações de Dados - Material(1).zip,https://drive.google.com/uc?id=1lcgiZpk0ob9wfOph0PHabFEPOv2VtFLJ&export=download,33. Reutilizando as Segmentações de Dados
CURSO - Power BI/07-Criando Relatórios e Dashboards-Parte 2,34. Gráfico de Scroller - Desempenho por loja - Material(1).zip,https://drive.google.com/uc?id=1baHQshHD80cOLd3n7q--TEJFVXajJJPq&export=download,34. Gráfico de Scroller - Desempenho por loja
CURSO - Power BI/07-Criando Relatórios e Dashboards-Parte 2,35. Hiperlinks para Navegar no Relatório e Ajustes Finais (Parte 1) - Material(1).zip,https://drive.google.com/uc?id=1e5y_kQYukvS9QB68apc87TGrkmH65iCK&export=download,35. Hiperlinks para Navegar no Relatório e Ajustes Finais (Parte 1)
CURSO - Power BI/07-Criando Relatórios e Dashboards-Parte 2,36. Hiperlinks para Navegar no Relatório e Ajustes Finais (Parte 2) - Material(1).zip,https://drive.google.com/uc?id=17oVuuj8W8bvgjbcD7Jb41-gKRwr4S93u&export=download,36. Hiperlinks para Navegar no Relatório e Ajustes Finais (Parte 2)
CURSO - Power BI/08-Power BI Online,01. Power BI Online - Introdução - Material(1).pdf,https://drive.google.com/uc?id=1URN9UZof2RRDS-ZBMusOZUB5AcllLEyP&export=download,01. Power BI Online - Introdução - Material(1).pdf
CURSO - Power BI/08-Power BI Online,04. Publicando Relatório no Power BI online - Material(1).zip,https://drive.google.com/uc?id=1dYOJUXDnH1dk8ikzoL5M0PCSPUvbfhxY&export=download,04. Publicando Relatório no Power BI online
CURSO - Power BI/08-Power BI Online,05. Publicando o Relatório na Web - Material(1).zip,https://drive.google.com/uc?id=14aIOz-DeoDnadqiTxPj-YiwtMcYuDaV-&export=download,05. Publicando o Relatório na Web
CURSO - Power BI/08-Power BI Online,07. Power BI Free X Power BI Pro - Material(1).pdf,https://drive.google.com/uc?id=1wOJlOtw34IvvSAhOMToNYLgDzagvDHgS&export=download,07. Power BI Free X Power BI Pro - Material(1).pdf
CURSO - Power BI/08-Power BI Online,11. Criando um Aplicativo no Power BI Online - Parte 1 - Material(1).zip,https://drive.google.com/uc?id=1mrzQmSyEydj8jCbpsaHn_Tkw3G1oxRKl&export=download,11. Criando um Aplicativo no Power BI Online - Parte 1
CURSO - Power BI/08-Power BI Online,12. Criando um Aplicativo no Power BI Online - Parte 2 - Material(1).zip,https://drive.google.com/uc?id=1RaHhrrw8zeoeUFH3xJBVR0bsXsN3y0ap&export=download,12. Criando um Aplicativo no Power BI Online - Parte 2
CURSO - Power BI/08-Power BI Online,13. Download dos Arquivos e Ajustando a Fonte de Dados - Material(1).zip,https://drive.google.com/uc?id=1Soaky1-J0umoh4ZDJ-VcF7CXcB_uoJdd&export=download,13. Download dos Arquivos e Ajustando a Fonte de Dados
CURSO - Power BI/08-Power BI Online,14. Atualizando o Power BI Online com Novos Dados - Material(1).zip,https://drive.google.com/uc?id=1BtW-VzeIl4oTe00CzRhyHXYGM3IBP5tL&export=download,14. Atualizando o Power BI Online com Novos Dados
CURSO - Power BI/08-Power BI Online,20. RLS Dinâmico - Material(1).zip,https://drive.google.com/uc?id=1yA-pj_Rdac-E9_OeYrkcgfvHnnoDayvn&export=download,20. RLS Dinâmico
CURSO - Power BI/08-Power BI Online,21. Entendendo o Gateway - Material(1).pdf,https://drive.google.com/uc?id=1ZORx7zE9zr2q_ZpcsGppQY4gb-uaXmJB&export=download,21. Entendendo o Gateway - Material(1).pdf
CURSO - Power BI/08-Power BI Online,22. Instalando e Configurando o Gateway Pessoal - Material(1).zip,https://drive.google.com/uc?id=1OLB-2JGIbnH0-dfC1XPM0LHGNuCnFUZ8&export=download,22. Instalando e Configurando o Gateway Pessoal
CURSO - Power BI/08-Power BI Online,24. Agendando Atualizações Automáticas - Material(1).zip,https://drive.google.com/uc?id=1EbA77N-goInLSMitgRba1PqW2NsWI9zu&export=download,24. Agendando Atualizações Automáticas
CURSO - Power BI/08-Power BI Online,25. Como Atualizar Automaticamente Sem Gateway (Parte 1) - Material(1).zip,https://drive.google.com/uc?id=14aZcM0MIeM3SVTZox2tEDFg4Cwuj21JC&export=download,25. Como Atualizar Automaticamente Sem Gateway (Parte 1)
CURSO - Power BI/09-MAP-Método da Análise Perfeita,01. MAP - Método de Análise Perfeita - Material(1).zip,https://drive.google.com/uc?id=1qWygNS-FTbmCw-k1zpG87_d0zWVhU1rE&export=download,01. MAP - Método de Análise Perfeita
CURSO - Power BI/09-MAP-Método da Análise Perfeita,02. Os 4 Passos do MAP - Material(1).zip,https://drive.google.com/uc?id=1_V13oB8ZIPyCtHtA6l8phpVDYa6d4VKk&export=download,02. Os 4 Passos do MAP
CURSO - Power BI/09-MAP-Método da Análise Perfeita,07. Ajeitando Bases Fato - Material(1).zip,https://drive.google.com/uc?id=1wEtmLy-dMVheGCiRKLdKjMe5Vjw8y7iF&export=download,07. Ajeitando Bases Fato
CURSO - Power BI/09-MAP-Método da Análise Perfeita,08. Ajeitando Bases Características (Parte 1) - Material(1).zip,https://drive.google.com/uc?id=1QregDEoCr3AzfjNCqpRlWGdTd202KVUg&export=download,08. Ajeitando Bases Características (Parte 1)
CURSO - Power BI/09-MAP-Método da Análise Perfeita,09. Ajeitando Bases Características (Parte 2) - Material(1).zip,https://drive.google.com/uc?id=1RCyKniwPtEm_gxOp-GKGjJp8ucrqSFxQ&export=download,09. Ajeitando Bases Características (Parte 2)
CURSO - Power BI/09-MAP-Método da Análise Perfeita,10. Ajeitando Bases Características (Parte 3) - Material(1).zip,https://drive.google.com/uc?id=1EYcv9PGafvBRSisGsMbAHs46b6FSrWxx&export=download,10. Ajeitando Bases Características (Parte 3)
CURSO - Power BI/09-MAP-Método da Análise Perfeita,11. Ajeitando Bases Características (Parte 4) - Material(1).zip,https://drive.google.com/uc?id=1UH3crUiQLhJW5TiLStHhzAOGpcRg5R23&export=download,11. Ajeitando Bases Características (Parte 4)
CURSO - Power BI/09-MAP-Método da Análise Perfeita,13. Criando relacionamentos (Parte 1) - Material(1).zip,https://drive.google.com/uc?id=1NM1mJ3WSsGsUag9S6bnktAP7x1rYzXTd&export=download,13. Criando relacionamentos (Parte 1)
CURSO - Power BI/09-MAP-Método da Análise Perfeita,14. Criando relacionamentos (Parte 2) - Material(1).zip,https://drive.google.com/uc?id=14AbVrKmFm53Z2hlVKHxZg1zotZzWgFnX&export=download,14. Criando relacionamentos (Parte 2)
CURSO - Power BI/09-MAP-Método da Análise Perfeita,15. Criando Tabela Calendário - Material(1).zip,https://drive.google.com/uc?id=1F4Rw4LiayyuKHGdGKG5nBugZrMGULTkD&export=download,15. Criando Tabela Calendário
CURSO - Power BI/09-MAP-Método da Análise Perfeita,16. Criando Colunas Auxiliares na Base Calendário - Material(1).zip,https://drive.google.com/uc?id=1MRGCO-UhJ9iiQ8jz_3-ZB3Nx54LPdUYm&export=download,16. Criando Colunas Auxiliares na Base Calendário
CURSO - Power BI/09-MAP-Método da Análise Perfeita,17. Relacionando a tabela calendário - Material(1).zip,https://drive.google.com/uc?id=1E-Q6LtCxiwvEPoVEiQ10aUAW7OHgN1A4&export=download,17. Relacionando a tabela calendário
CURSO - Power BI/09-MAP-Método da Análise Perfeita,18. Analisando as perguntas que precisam ser respondidas - Material(1).zip,https://drive.google.com/uc?id=1-hC4Fza84ztez-5cXxQB5xXe6zoUBWzT&export=download,18. Analisando as perguntas que precisam ser respondidas
CURSO - Power BI/09-MAP-Método da Análise Perfeita,19. Criando os calculos (Parte 1) - Material(1).zip,https://drive.google.com/uc?id=1QzFTvFz0Ll7yT6kxDPU-aO2XcQtc_w56&export=download,19. Criando os calculos (Parte 1)
CURSO - Power BI/09-MAP-Método da Análise Perfeita,20. Criando os cálculos (Parte 2) - Material(1).zip,https://drive.google.com/uc?id=1VWyZ2uKW4yTlZ0F3s2PIshla1BlrBRPB&export=download,20. Criando os cálculos (Parte 2)
CURSO - Power BI/09-MAP-Método da Análise Perfeita,21. Criando os cálculos (Parte 3) - Material(1).zip,https://drive.google.com/uc?id=1fKgwDuBLk5yn_PFDEH1xJlk00nm2aeAA&export=download,21. Criando os cálculos (Parte 3)
CURSO - Power BI/09-MAP-Método da Análise Perfeita,22. Criando os cálculos (Parte 4) - Material(1).zip,https://drive.google.com/uc?id=1pRJXQ_0mthZczIBHs_GKQV5cPp1AYo7M&export=download,22. Criando os cálculos (Parte 4)
CURSO - Power BI/09-MAP-Método da Análise Perfeita,23. Criando os cálculos (Parte 5) - Material(1).zip,https://drive.google.com/uc?id=13BXGPzlYRaIkBygJk3pAAGF8f9-dAtxv&export=download,23. Criando os cálculos (Parte 5)
CURSO - Power BI/09-MAP-Método da Análise Perfeita,24. Criando os calculos (Parte 6) - Material(1).zip,https://drive.google.com/uc?id=1UX91isN9Hdq513q_jyeqZrgn0VKp5azB&export=download,24. Criando os calculos (Parte 6)
CURSO - Power BI/09-MAP-Método da Análise Perfeita,25. Criando o Relatório (Parte 1) - Material(1).zip,https://drive.google.com/uc?id=1YaeoEt1zjZ9ayHfw6BufWQnWAYRKM5dC&export=download,25. Criando o Relatório (Parte 1)
CURSO - Power BI/09-MAP-Método da Análise Perfeita,26. Criando o Relatório (Parte 2) - Material(1).zip,https://drive.google.com/uc?id=14njr-9ZRZWNW8q1QidcehfPQw-UjHYsf&export=download,26. Criando o Relatório (Parte 2)
CURSO - Power BI/09-MAP-Método da Análise Perfeita,27. Criando o Relatório (Parte 3) - Material(1).zip,https://drive.google.com/uc?id=1370vE4n9akhAefsDEyiB8DbfcxKKB4Yj&export=download,27. Criando o Relatório (Parte 3)
CURSO - Power BI/09-MAP-Método da Análise Perfeita,28. Criando o Relatório (Parte 4) - Material(1).zip,https://drive.google.com/uc?id=1vuv02kgVhgFV2BvXOSlNfeVMExf0nBgv&export=download,28. Criando o Relatório (Parte 4)
CURSO - Power BI/09-MAP-Método da Análise Perfeita,29. Criando o Relatório (Parte 5) - Material(1).zip,https://drive.google.com/uc?id=14h4tXWJnNISarScgw80rIquCCXbxxdrn&export=download,29. Criando o Relatório (Parte 5)
CURSO - Power BI/09-MAP-Método da Análise Perfeita,30. Criando o Relatório (Parte 6) - Material(1).zip,https://drive.google.com/uc?id=1VjLt03R0EOGeS39rZ25TSJ66FNF8o5XD&export=download,30. Criando o Relatório (Parte 6)
CURSO - Power BI/10-Exercícios de revisão,01. Desafio Base Funcionários - Explicação - Material(1).zip,https://drive.google.com/uc?id=1oQCaRBlsdSYCpMUhNQq8CLe1GbqP0Nww&export=download,01. Desafio Base Funcionários - Explicação
CURSO - Power BI/10-Exercícios de revisão,02. Desafio Base Funcionários - Resolução (Parte 1) - Material(1).zip,https://drive.google.com/uc?id=1hBjAz4D7cimh08DZMFXeyKVEZJUJEM85&export=download,02. Desafio Base Funcionários - Resolução (Parte 1)
CURSO - Power BI/10-Exercícios de revisão,03. Desafio Base Funcionários - Resolução (Parte 2) - Material(1).zip,https://drive.google.com/uc?id=1mOJJDJi52ym3k9hpP71Q90hCi7a7z5QK&export=download,03. Desafio Base Funcionários - Resolução (Parte 2)
CURSO - Power BI/10-Exercícios de revisão,04. Desafio Base Funcionários - Resolução (Parte 3) - Material(1).zip,https://drive.google.com/uc?id=1Kj45URLgdVPdhYBJ-lBfoy22b5pLI-n4&export=download,04. Desafio Base Funcionários - Resolução (Parte 3)
CURSO - Power BI/10-Exercícios de revisão,05. Desafio Base Funcionários - Resolução (Parte 4) - Material(1).zip,https://drive.google.com/uc?id=1kioxKY3FKtlqWgCpU7LDl0Cs-Wuq8Tlt&export=download,05. Desafio Base Funcionários - Resolução (Parte 4)
CURSO - Power BI/10-Exercícios de revisão,06. Desafio Base Funcionários - Resolução (Parte 5) - Material(1).zip,https://drive.google.com/uc?id=1mWbqOHy52JlZa53UEFcmCo6P2KaPeY2j&export=download,06. Desafio Base Funcionários - Resolução (Parte 5)
CURSO - Power BI/10-Exercícios de revisão,07. Desafio Base Funcionários - Resolução (Parte 6) - Material(1).zip,https://drive.google.com/uc?id=1tlT-pGdzr1EtK2OPbWhmMZDGndghILnE&export=download,07. Desafio Base Funcionários - Resolução (Parte 6)
CURSO - Power BI/10-Exercícios de revisão,08. Desafio Base Funcionários - Resolução (Parte 7) - Material(1).zip,https://drive.google.com/uc?id=1gbNPINMQKNWFPZDTvk_siAoBvqh6wi0U&export=download,08. Desafio Base Funcionários - Resolução (Parte 7)
CURSO - Power BI/10-Exercícios de revisão,09. Desafio Base Funcionários - Resolução (Parte 8) - Material(1).zip,https://drive.google.com/uc?id=1hUDFmRm01hHQpSrPj0JpaWi7CkhlNRoB&export=download,09. Desafio Base Funcionários - Resolução (Parte 8)
CURSO - Power BI/10-Exercícios de revisão,10. Desafio Base Funcionários - Resolução (Parte 9) - Material(1).zip,https://drive.google.com/uc?id=17ZRgz9uHi8beT1Wtn1jS0q23ksUS2jIO&export=download,10. Desafio Base Funcionários - Resolução (Parte 9)
CURSO - Power BI/10-Exercícios de revisão,12. Desafio Base Funcionários - Resolução (Parte 11) - Material(1).zip,https://drive.google.com/uc?id=1OQkSKxPnypPV8YkkteZAR5HBgtS4Imp7&export=download,12. Desafio Base Funcionários - Resolução (Parte 11)
CURSO - Power BI/10-Exercícios de revisão,13. Desafio Base Funcionários - Resolução (Parte 12) - Material(1).zip,https://drive.google.com/uc?id=1UM1tm8-nh-U-0ye64PxM8h2oi_nsie2P&export=download,13. Desafio Base Funcionários - Resolução (Parte 12)
CURSO - Power BI/10-Exercícios de revisão,14. Desafio Base Funcionários - Resolução (Parte 13) - Material(1).zip,https://drive.google.com/uc?id=1twnBVfoSO06-NP1RiVF_fi4dRW9jsa5K&export=download,14. Desafio Base Funcionários - Resolução (Parte 13)
CURSO - Power BI/10-Exercícios de revisão,15. Desafio Base Funcionários - Resolução (Parte 14) - Material(1).zip,https://drive.google.com/uc?id=1aTgoo0PSV6MHFDB7KBVked7FD6rncoll&export=download,15. Desafio Base Funcionários - Resolução (Parte 14)
CURSO - Power BI/11-DAX Avançado,02. Contextos de Avaliação - Material(1).zip,https://drive.google.com/uc?id=1HuENcBaLfm6JRRclob0Ca-la75xQoSZt&export=download,02. Contextos de Avaliação
CURSO - Power BI/11-DAX Avançado,03. Testando os conhecimentos de Contexto de filtro - Material(1).zip,https://drive.google.com/uc?id=10_xUGKqo94NBoYgI3b6iVWpQXCvCt0oS&export=download,03. Testando os conhecimentos de Contexto de filtro
CURSO - Power BI/11-DAX Avançado,04. Testando os conhecimentos de Contexto de filtro (Parte 2) - Material(1).zip,https://drive.google.com/uc?id=1YRDpTD8_FOlUsNVfwg4NJ53C9_l0Eqy6&export=download,04. Testando os conhecimentos de Contexto de filtro (Parte 2)
CURSO - Power BI/11-DAX Avançado,05. Entendendo as bases e criando as colunas calculadas - Material(1).zip,https://drive.google.com/uc?id=1TpgEYcisJUqUU57lDC1oF4EgeS9ez0BQ&export=download,05. Entendendo as bases e criando as colunas calculadas
CURSO - Power BI/11-DAX Avançado,06. Devo usar colunas calculadas ou medidas - Material(1).zip,https://drive.google.com/uc?id=1ePKaPBDPqbYyeGE9es0hIUhsGMrydemR&export=download,06. Devo usar colunas calculadas ou medidas
CURSO - Power BI/11-DAX Avançado,07. Criando Medidas para corrigir os cálculos - Material(1).zip,https://drive.google.com/uc?id=1w8i57v2Us9tcS2rWmX5kDa12ryjeHDVx&export=download,07. Criando Medidas para corrigir os cálculos
CURSO - Power BI/11-DAX Avançado,08. Variáveis em DAX para organizar os cálculos - Material(1).zip,https://drive.google.com/uc?id=10idEax1GGb7UnqUW5r0KdkNoiJ_MlcNS&export=download,08. Variáveis em DAX para organizar os cálculos
CURSO - Power BI/11-DAX Avançado,09. Trocando as colunas calculadas por medidas - Parte 1 - Material(1).zip,https://drive.google.com/uc?id=123vOidWYNTKhHjZxCtGrvTSYmthAJ9Ky&export=download,09. Trocando as colunas calculadas por medidas - Parte 1
CURSO - Power BI/11-DAX Avançado,10. Trocando as colunas calculadas por medidas - Parte 2 - Material(1).zip,https://drive.google.com/uc?id=1USkm3C8bAUfXt1Q1xhOtS7d_YMIvYqL8&export=download,10. Trocando as colunas calculadas por medidas - Parte 2
CURSO - Power BI/11-DAX Avançado,11. Entendendo as funções iterativas do Power BI - Material(1).zip,https://drive.google.com/uc?id=1jvYfY0y0xbWWKQQlah4lBTL5TRcj1FO4&export=download,11. Entendendo as funções iterativas do Power BI
CURSO - Power BI/11-DAX Avançado,12. Aplicando as Funções Iterativas (Parte 1) - Material(1).zip,https://drive.google.com/uc?id=1NHb9Dag7cBLubEOQ0EQgZrriYnekxm_W&export=download,12. Aplicando as Funções Iterativas (Parte 1)
CURSO - Power BI/11-DAX Avançado,13. Aplicando as Funções Iterativas (Parte 2) - Material(1).zip,https://drive.google.com/uc?id=1XIPmB6Bhc0D10HR39PAQeO3VooajHEmT&export=download,13. Aplicando as Funções Iterativas (Parte 2)
CURSO - Power BI/11-DAX Avançado,14. Criando Tabela Calendário com DAX - Função CALENDARAUTO - Material(1).zip,https://drive.google.com/uc?id=1cKMMz54g-LcbC29KD-m7FtHB01E9_haj&export=download,14. Criando Tabela Calendário com DAX - Função CALENDARAUTO
CURSO - Power BI/11-DAX Avançado,15. Criando Tabela Calendário com DAX - Função CALENDAR - Material(1).zip,https://drive.google.com/uc?id=18UwUH1N4H2pInMdqTKNJK5Jy3VkwuLvH&export=download,15. Criando Tabela Calendário com DAX - Função CALENDAR
CURSO - Power BI/11-DAX Avançado,16. Diferença entre criar Tabelas com DAX ou no Power Query - Material(1).zip,https://drive.google.com/uc?id=1og5NPhi9qnBUXPIipSumgUL3MwclzmcT&export=download,16. Diferença entre criar Tabelas com DAX ou no Power Query
CURSO - Power BI/11-DAX Avançado,17. Criando Colunas na Tabela Calendário - Material(1).zip,https://drive.google.com/uc?id=1WvIqX509Rixv7Mq2Ht7xcNrQkkmooq0L&export=download,17. Criando Colunas na Tabela Calendário
CURSO - Power BI/11-DAX Avançado,18. Criando Tabelas Filtradas com a Função Filter (Parte 1) - Material(1).zip,https://drive.google.com/uc?id=1Vp1dVdqSJqslPzv_T2kRwvWj0kaHphDa&export=download,18. Criando Tabelas Filtradas com a Função Filter (Parte 1)
CURSO - Power BI/11-DAX Avançado,19. Criando Tabelas Filtradas com a Função Filter (Parte 2) - Material(1).zip,https://drive.google.com/uc?id=14RFAEf60UYaXe8kEgkLSFlf5HadIz054&export=download,19. Criando Tabelas Filtradas com a Função Filter (Parte 2)
CURSO - Power BI/11-DAX Avançado,20. Transição de Contexto (Parte 1) - Material(1).zip,https://drive.google.com/uc?id=1ARr9hScUaCLb10zbSkMY1a3RogO4ui8g&export=download,20. Transição de Contexto (Parte 1)
CURSO - Power BI/11-DAX Avançado,21. Transição de Contexto (Parte 2) - Material(1).zip,https://drive.google.com/uc?id=1qO6sCQvhoXqk7IU_k3Xnvq7VsN3Kpynl&export=download,21. Transição de Contexto (Parte 2)
CURSO - Power BI/11-DAX Avançado,22. Exercício - Transição de Contexto - Explicação - Material(1).zip,https://drive.google.com/uc?id=1xAGR5K5jRpWqvYRPLL8S8H0FlbLCjDmF&export=download,22. Exercício - Transição de Contexto - Explicação
CURSO - Power BI/11-DAX Avançado,23. Exercício - Transição de Contexto - Resolução - Material(1).zip,https://drive.google.com/uc?id=1gtPUBVOBf5tzVop5vxJXI6zyCJ-gr7u1&export=download,23. Exercício - Transição de Contexto - Resolução
CURSO - Power BI/11-DAX Avançado,24. Função VALUES (Parte 1) - Material(1).zip,https://drive.google.com/uc?id=1IO4rh7Uxj3923nI5Gwds2LiRAlUdGkg4&export=download,24. Função VALUES (Parte 1)
CURSO - Power BI/11-DAX Avançado,26. Exercício - Função VALUES - Explicação - Material(1).zip,https://drive.google.com/uc?id=1LmDSQmmw8HjxQ8fgZ_KDM8Y0u53EPBHr&export=download,26. Exercício - Função VALUES - Explicação
CURSO - Power BI/11-DAX Avançado,27. Exercício - Função VALUES - Resolução (Parte 1) - Material(1).zip,https://drive.google.com/uc?id=1zxUQmkE7dDqhAgrCPgKN1HxpZj8yAB3M&export=download,27. Exercício - Função VALUES - Resolução (Parte 1)
CURSO - Power BI/11-DAX Avançado,28. Exercício - Função VALUES - Resolução (Parte 2) - Material(1).zip,https://drive.google.com/uc?id=1GV9dL92zw0FYLD1hfKzGQHGAMyB418Uu&export=download,28. Exercício - Função VALUES - Resolução (Parte 2)
CURSO - Power BI/11-DAX Avançado,29. Funções VALUES e FILTER (Parte 1) - Material(1).zip,https://drive.google.com/uc?id=1NenxC8jLwkXMNwk0CyugWv6a9IVxJF_c&export=download,29. Funções VALUES e FILTER (Parte 1)
CURSO - Power BI/11-DAX Avançado,30. Funções VALUES e FILTER (Parte 2) - Material(1).zip,https://drive.google.com/uc?id=1NHKwGpI6hoDJU0rjXK89pJCsxL89AX3q&export=download,30. Funções VALUES e FILTER (Parte 2)
CURSO - Power BI/11-DAX Avançado,31. Dica - Criando Medidas mais Eficientes - Material(1).zip,https://drive.google.com/uc?id=1GgRhVjwakzURVxUG4gRT5PJwMtbXnmIe&export=download,31. Dica - Criando Medidas mais Eficientes
CURSO - Power BI/11-DAX Avançado,32. Funções VALUES e FILTER (Parte 3) - Material(1).zip,https://drive.google.com/uc?id=1lPFuusLGwsTmEBci9sP0RQVqQrPFyXbW&export=download,32. Funções VALUES e FILTER (Parte 3)
CURSO - Power BI/11-DAX Avançado,33. Funções VALUES e FILTER (Parte 4) - Material(1).zip,https://drive.google.com/uc?id=1KD0ahM5ha5CWp68TUZiJQAclK23uwLGq&export=download,33. Funções VALUES e FILTER (Parte 4)
CURSO - Power BI/11-DAX Avançado,34. Funções VALUES e FILTER (Parte 5) - Material(1).zip,https://drive.google.com/uc?id=1VbbR4wEa8HNBh8wv_wnAfuEjSrxyAWho&export=download,34. Funções VALUES e FILTER (Parte 5)
CURSO - Power BI/11-DAX Avançado,35. Função CROSSJOIN - Material(1).zip,https://drive.google.com/uc?id=1euW7qiuT_BGQnnw095muVLHyK1NSFfiM&export=download,35. Função CROSSJOIN
CURSO - Power BI/11-DAX Avançado,36. Exercício - Função CROSSJOIN - Material(1).zip,https://drive.google.com/uc?id=1drlSmjAkuVtD-kDyp0Ru7mig018q0TDM&export=download,36. Exercício - Função CROSSJOIN
CURSO - Power BI/11-DAX Avançado,37. Funções CALCULATE E ALL - Material(1).zip,https://drive.google.com/uc?id=1h1cXg0cmmG060aitcfhIj1ZwV4xmINwi&export=download,37. Funções CALCULATE E ALL
CURSO - Power BI/11-DAX Avançado,38. Funções CALCULATE E ALL - Dicas e cuidados - Material(1).zip,https://drive.google.com/uc?id=1MUj8yUbjdQVufkyKhXJXcNVuM9QoZTAp&export=download,38. Funções CALCULATE E ALL - Dicas e cuidados
CURSO - Power BI/11-DAX Avançado,39. Funções CALCULATE E ALLSELECTED - Material(1).zip,https://drive.google.com/uc?id=1GsMTzfAp_59mGLO4XJmufwxnc1dQxyBH&export=download,39. Funções CALCULATE E ALLSELECTED
CURSO - Power BI/11-DAX Avançado,40. Organizando as Medidas com Variáveis - Material(1).zip,https://drive.google.com/uc?id=1fBwmYZOUZuqjktz2Czpy9Lmtzc0Qff-X&export=download,40. Organizando as Medidas com Variáveis
CURSO - Power BI/11-DAX Avançado,41. CALCULATE com várias condições (E) - Material(1).zip,https://drive.google.com/uc?id=1wTSUWZAxEyj1MJa6KYmizS3hfzUzknfr&export=download,41. CALCULATE com várias condições (E)
CURSO - Power BI/11-DAX Avançado,42. CALCULATE com várias condições (OU) - Parte 1 - Material(1).zip,https://drive.google.com/uc?id=1D2lXRLYGc1KSJgui6Dfo8Qk5y8Tk9aQS&export=download,42. CALCULATE com várias condições (OU) - Parte 1
CURSO - Power BI/11-DAX Avançado,43. CALCULATE com várias condições (OU) - Parte 2 - Material(1).zip,https://drive.google.com/uc?id=1puF0zxWLL0YlX16ODin_m-X8pQLP1fxm&export=download,43. CALCULATE com várias condições (OU) - Parte 2
CURSO - Power BI/11-DAX Avançado,44. CALCULATE e CONTAINSSTRING - Filtrando se contém um texto específico - Material(1).zip,https://drive.google.com/uc?id=1-MBKggTIH7wRF2zDuFN3o2usHVDXlim7&export=download,44. CALCULATE e CONTAINSSTRING - Filtrando se contém um texto específico
CURSO - Power BI/11-DAX Avançado,45. Cálculo do Acumulado ao longo do tempo - Material(1).zip,https://drive.google.com/uc?id=1wpocoEwY_tSOG2R33hM2rF91Db8evrpT&export=download,45. Cálculo do Acumulado ao longo do tempo
CURSO - Power BI/11-DAX Avançado,46. Dica - Formatação Personalizada de Data com a Função FORMAT - Material(1).zip,https://drive.google.com/uc?id=15H2JPcxOV_J-45HAHEw1k34Ll3SK7Ykv&export=download,46. Dica - Formatação Personalizada de Data com a Função FORMAT
CURSO - Power BI/11-DAX Avançado,47. Exercício - Cálculo do Acumulado ao longo do tempo - Material(1).zip,https://drive.google.com/uc?id=1ctk20zmtcN1mFDRfW9hDkYC4PqBRitt0&export=download,47. Exercício - Cálculo do Acumulado ao longo do tempo
CURSO - Power BI/11-DAX Avançado,"48. Inteligência de Tempo - Funções TOTALYTD, TOTALQTD, TOTALMTD - Material(1).zip",https://drive.google.com/uc?id=1OzsNz9TJ9QYwVOWKSC8_Y92XrzmLCfd_&export=download,"48. Inteligência de Tempo - Funções TOTALYTD, TOTALQTD, TOTALMTD"
CURSO - Power BI/11-DAX Avançado,49. Crescimento YoY - Material(1).zip,https://drive.google.com/uc?id=19GLFNNOWAan54-34l6DIlM7AHw4Lfa2D&export=download,49. Crescimento YoY
CURSO - Power BI/11-DAX Avançado,50. Função SAMEPERIODLASTYEAR - Variação de Clientes entre os anos - Material(1).zip,https://drive.google.com/uc?id=1QX2MkPs4Mm_P7_n_WT_SfPK_0wmewc9U&export=download,50. Função SAMEPERIODLASTYEAR - Variação de Clientes entre os anos
CURSO - Power BI/11-DAX Avançado,51. Função USERELATIONSHIP (Parte 1) - Material(1).zip,https://drive.google.com/uc?id=1DzCpslkYtmq4gytvnkxWblyT7tEpsmKC&export=download,51. Função USERELATIONSHIP (Parte 1)
CURSO - Power BI/11-DAX Avançado,52. Função USERELATIONSHIP (Parte 2) - Material(1).zip,https://drive.google.com/uc?id=118JUyjcSKYvqrSIkIVwtaKMIe5yBOXsk&export=download,52. Função USERELATIONSHIP (Parte 2)
CURSO - Power BI/11-DAX Avançado,53. Calculando Dias Úteis entre duas datas (Parte 1) - Material(1).zip,https://drive.google.com/uc?id=1gb3mo7rYNQ-iYeRxg_jJ5bUXYcRTTo-L&export=download,53. Calculando Dias Úteis entre duas datas (Parte 1)
CURSO - Power BI/11-DAX Avançado,54. Calculando Dias Úteis entre duas datas (Parte 2) - Material(1).zip,https://drive.google.com/uc?id=1ejF1rL0UazF1cGBRX0gBp-HIFygxULvl&export=download,54. Calculando Dias Úteis entre duas datas (Parte 2)
CURSO - Power BI/11-DAX Avançado,55. Calculando Dias Úteis entre duas datas (Parte 3) - Material(1).zip,https://drive.google.com/uc?id=19kykE4yO5AZGePno8N9ZoyZAGCSQvIi3&export=download,55. Calculando Dias Úteis entre duas datas (Parte 3)
CURSO - Power BI/11-DAX Avançado,56. Função NETWORKDAYS para calcular dias úteis - Material(1).zip,https://drive.google.com/uc?id=1smj0X8l9OqePLAbj-4oaA8pzT-YtHYmz&export=download,56. Função NETWORKDAYS para calcular dias úteis
CURSO - Power BI/11-DAX Avançado,57. Função SUMMARIZE - Agrupar Tabelas (Parte 1) - Material(1).zip,https://drive.google.com/uc?id=1wNSAdvf3n9gCmoTagAzCLmuQodCRRR44&export=download,57. Função SUMMARIZE - Agrupar Tabelas (Parte 1)
CURSO - Power BI/11-DAX Avançado,58. Função SUMMARIZE - Agrupar Tabelas (Parte 2) - Material(1).zip,https://drive.google.com/uc?id=1gi9pYs9jzV5D2dLd_zcnqVTSi-zPIxze&export=download,58. Função SUMMARIZE - Agrupar Tabelas (Parte 2)
CURSO - Power BI/11-DAX Avançado,59. Função SUMMARIZE - Agrupar Tabelas (Parte 3) - Material(1).zip,https://drive.google.com/uc?id=1JFfHnpLlXe_G235_iR8wqEYFIdw_K4Fu&export=download,59. Função SUMMARIZE - Agrupar Tabelas (Parte 3)
CURSO - Power BI/11-DAX Avançado,60. Análise de Inadimplência de Clientes (Parte 1) - Material(1).zip,https://drive.google.com/uc?id=1_k7xUchg9y4ApeGOr0YQ_Zv4GCSAetfu&export=download,60. Análise de Inadimplência de Clientes (Parte 1)
CURSO - Power BI/11-DAX Avançado,61. Análise de Inadimplência de Clientes (Parte 2) - Material(1).zip,https://drive.google.com/uc?id=10eRQeVwHzjVaTmHyTTXcwTHlzNIMSTiQ&export=download,61. Análise de Inadimplência de Clientes (Parte 2)
CURSO - Power BI/11-DAX Avançado,62. Função RANKX - Material(1).zip,https://drive.google.com/uc?id=1j1WTiQsmMfXltM-15LiVif-O42vcl69L&export=download,62. Função RANKX
CURSO - Power BI/11-DAX Avançado,63. Como criar vários tipos de Ranking (Parte 1) - Material(1).zip,https://drive.google.com/uc?id=1X7MnM-drxE5qSpV7cN0GBE6n6R838vlK&export=download,63. Como criar vários tipos de Ranking (Parte 1)
CURSO - Power BI/11-DAX Avançado,64. Como criar vários tipos de Ranking (Parte 2) - Material(1).zip,https://drive.google.com/uc?id=1xMo5cXBQOr0unVYlTqbBcalLUBzXnz1n&export=download,64. Como criar vários tipos de Ranking (Parte 2)
CURSO - Power BI/11-DAX Avançado,65. Função HASONEVALUE - Material(1).zip,https://drive.google.com/uc?id=1CjxjyssV1sfrk1nTRurFOClzVk6esc3R&export=download,65. Função HASONEVALUE
CURSO - Power BI/11-DAX Avançado,66. Tornando os Rankings Dinâmicos - Material(1).zip,https://drive.google.com/uc?id=1C-aS56cwxgmt1zkRTpP26oIdIOaWuUpQ&export=download,66. Tornando os Rankings Dinâmicos
CURSO - Power BI/11-DAX Avançado,67. Como criar Critérios de Desempate no Ranking - Material(1).zip,https://drive.google.com/uc?id=1kzuDiBOGel0g_P4D0EFUXFnbjl8V-hhT&export=download,67. Como criar Critérios de Desempate no Ranking
CURSO - Power BI/11-DAX Avançado,68. Função ISINSCOPE para criar Rankings com Hierarquias - Material(1).zip,https://drive.google.com/uc?id=1bBA33BPH-dml87A_ytL0a49E44QEOu-r&export=download,68. Função ISINSCOPE para criar Rankings com Hierarquias
CURSO - Power BI/11-DAX Avançado,69. Exercício_ Função ISINSCOPE para criar Rankings com Hierarquias - Material(1).zip,https://drive.google.com/uc?id=1MkJLTVsHW2-zlIj-jGAepXOqFy_DmbK0&export=download,69. Exercício_ Função ISINSCOPE para criar Rankings com Hierarquias
CURSO - Power BI/11-DAX Avançado,70. Função TOPN - Material(1).zip,https://drive.google.com/uc?id=1odavXiJgyw2uDmaws3YvGRHoXdhSwaWq&export=download,70. Função TOPN
CURSO - Power BI/11-DAX Avançado,71. Função ADDCOLUMNS - Material(1).zip,https://drive.google.com/uc?id=1u1NQRiqH7UAtaBolePjW1oT3RmtD4NAE&export=download,71. Função ADDCOLUMNS
CURSO - Power BI/11-DAX Avançado,72. Exercício - TOPN e ADDCOLUMNS - Material(1).zip,https://drive.google.com/uc?id=1DPA4aroEIEaUtTvvqfD1_dbzIsjq76b6&export=download,72. Exercício - TOPN e ADDCOLUMNS
CURSO - Power BI/11-DAX Avançado,73. SUMX e TOPN - Material(1).zip,https://drive.google.com/uc?id=1q9z3EYDmJY5Rt377wR2ciQW5tJ6JwJKZ&export=download,73. SUMX e TOPN
CURSO - Power BI/11-DAX Avançado,74. CALCULATE e TOPN - Material(1).zip,https://drive.google.com/uc?id=1Il-Q9eGbbN2tp1emK3eUANoaeOitT7RE&export=download,74. CALCULATE e TOPN
CURSO - Power BI/11-DAX Avançado,"76. Entendendo a diferença entre ALL, ALLSELECTED e VALUES (Parte 2) - Material(1).zip",https://drive.google.com/uc?id=1Tso3QiYJtC7ocGDuDgHcFNHkwnR-uhvu&export=download,"76. Entendendo a diferença entre ALL, ALLSELECTED e VALUES (Parte 2)"
CURSO - Power BI/11-DAX Avançado,77. Ajustando as informações TOPN na Matriz - Material(1).zip,https://drive.google.com/uc?id=1jsjMHjCpbUCigZwYiByh5VoDmg5hpGEF&export=download,77. Ajustando as informações TOPN na Matriz
CURSO - Power BI/11-DAX Avançado,78. Exercício - Analisando os Top 15 Produtos (Parte 1) - Material(1).zip,https://drive.google.com/uc?id=1W_S9b3hHWSlQGs0ZQ1GnU9q04SxC2cWW&export=download,78. Exercício - Analisando os Top 15 Produtos (Parte 1)
CURSO - Power BI/11-DAX Avançado,79. Exercício - Analisando os Top 15 Produtos (Parte 2) - Material(1).zip,https://drive.google.com/uc?id=1-QXEfHQ2cV_QW8VxGAe0FM6ss1uwNLjo&export=download,79. Exercício - Analisando os Top 15 Produtos (Parte 2)
CURSO - Power BI/11-DAX Avançado,80. Tornando o TOPN Dinâmico - Material(1).zip,https://drive.google.com/uc?id=1gbGwXmZozvdnudbq42c6i3m7nhH9tmwT&export=download,80. Tornando o TOPN Dinâmico
CURSO - Power BI/11-DAX Avançado,81. Calculando o porcento de vendas dos Top N Produtos - Material(1).zip,https://drive.google.com/uc?id=1fUCn3_wcrvVXh46objyP21iBj0x-lIHb&export=download,81. Calculando o porcento de vendas dos Top N Produtos
CURSO - Power BI/11-DAX Avançado,82. Calculando o porcento de vendas dos Top N Produtos (Parte 2) - Material(1).zip,https://drive.google.com/uc?id=1daQ7HRBHbWLNKV0VoJC2HNXxoiWgfP4L&export=download,82. Calculando o porcento de vendas dos Top N Produtos (Parte 2)
CURSO - Power BI/11-DAX Avançado,83. Análise de Pareto (Parte 1) - Material(1).zip,https://drive.google.com/uc?id=1Ya8-gqCfW0h-MqOGHxdBlUgd7l0yAkaV&export=download,83. Análise de Pareto (Parte 1)
CURSO - Power BI/11-DAX Avançado,84. Análise de Pareto (Parte 2) - Material(1).zip,https://drive.google.com/uc?id=1Lb7TPVrkyzuBi4oFMQRLYuEhp7F7b3nP&export=download,84. Análise de Pareto (Parte 2)
CURSO - Power BI/11-DAX Avançado,85. Análise de Pareto (Parte 3) - Material(1).zip,https://drive.google.com/uc?id=1BfmtNwLyunkvUR4mawQCaZfY3WT2BBzN&export=download,85. Análise de Pareto (Parte 3)
CURSO - Power BI/12-Conectando o Power BI com Bancos de Dados SQL e Introdução à linguagem SQL,11. Tratando Tabela de Cotações - Material(1).rar,https://drive.google.com/uc?id=1W-n_RW2xtvi8sSqoSPFHuXkbBecl8-8w&export=download,11. Tratando Tabela de Cotações - Material(1).rar
CURSO - Power BI/12-Conectando o Power BI com Bancos de Dados SQL e Introdução à linguagem SQL,12. Criando Chave em Comum Entre Tabela de Vendas e Cotações - Material(1).rar,https://drive.google.com/uc?id=11yX1zM4Alsr7ZFofSNteTZGPbNtjhfht&export=download,12. Criando Chave em Comum Entre Tabela de Vendas e Cotações - Material(1).rar
CURSO - Power BI/12-Conectando o Power BI com Bancos de Dados SQL e Introdução à linguagem SQL,"14. Select de colunas específicas, Comentários e Renomear Colunas - Material(1).rar",https://drive.google.com/uc?id=1kctcCzHePfLuuzgkLknQx3yQmHXkc9K2&export=download,"14. Select de colunas específicas, Comentários e Renomear Colunas - Material(1).rar"
CURSO - Power BI/12-Conectando o Power BI com Bancos de Dados SQL e Introdução à linguagem SQL,15. Comando Where - Criando Filtros no SQL - Material(1).rar,https://drive.google.com/uc?id=1yhNjjLnFpPdOwGu_NmrWHngpy7tc7lxJ&export=download,15. Comando Where - Criando Filtros no SQL - Material(1).rar
CURSO - Power BI/12-Conectando o Power BI com Bancos de Dados SQL e Introdução à linguagem SQL,17. Comando Where com Or e And - Material(1).rar,https://drive.google.com/uc?id=1UTxqG3b19DLkPjbczNBve8FVZulP5lSP&export=download,17. Comando Where com Or e And - Material(1).rar
CURSO - Power BI/12-Conectando o Power BI com Bancos de Dados SQL e Introdução à linguagem SQL,18. Exercícios (Parte 1) - Material(1).rar,https://drive.google.com/uc?id=1HhwqAWAS5itsPUvyxH7BysxN5GKa2Nun&export=download,18. Exercícios (Parte 1) - Material(1).rar
CURSO - Power BI/12-Conectando o Power BI com Bancos de Dados SQL e Introdução à linguagem SQL,19. Exercícios (Parte 2) - Material(1).rar,https://drive.google.com/uc?id=1wEunCOJVKFWDOEBdIzWDVTurrDIaT2Ki&export=download,19. Exercícios (Parte 2) - Material(1).rar
CURSO - Power BI/12-Conectando o Power BI com Bancos de Dados SQL e Introdução à linguagem SQL,20. Exercícios (Parte 3) - Material(1).rar,https://drive.google.com/uc?id=1nQFPx-uR9gGBP7bCDCG3hwz6-Cg0cJ5j&export=download,20. Exercícios (Parte 3) - Material(1).rar
CURSO - Power BI/12-Conectando o Power BI com Bancos de Dados SQL e Introdução à linguagem SQL,21. Exercícios (Parte 4) - Material(1).rar,https://drive.google.com/uc?id=1vlDfo163yJDnR2aepSz4Sxd2tQU8RKM1&export=download,21. Exercícios (Parte 4) - Material(1).rar
CURSO - Power BI/12-Conectando o Power BI com Bancos de Dados SQL e Introdução à linguagem SQL,"22. Funções MAX, COUNT, AVG e DISTINCT - Material(1).rar",https://drive.google.com/uc?id=13hdDivaIEuL8NfEKUWsKFJRWYbpzrsF-&export=download,"22. Funções MAX, COUNT, AVG e DISTINCT - Material(1).rar"
CURSO - Power BI/12-Conectando o Power BI com Bancos de Dados SQL e Introdução à linguagem SQL,23. Função Group By (Parte 1) - Material(1).rar,https://drive.google.com/uc?id=1zR8pc-RzXO-QOnmmT4B3JkzudavCCQVL&export=download,23. Função Group By (Parte 1) - Material(1).rar
CURSO - Power BI/12-Conectando o Power BI com Bancos de Dados SQL e Introdução à linguagem SQL,24. Função Group By (Parte 2) - Material(1).rar,https://drive.google.com/uc?id=1fiWCWzIza12OzL0WSvQoN-zPujiQhWFG&export=download,24. Função Group By (Parte 2) - Material(1).rar
CURSO - Power BI/12-Conectando o Power BI com Bancos de Dados SQL e Introdução à linguagem SQL,25. Group By e Where - Material(1).rar,https://drive.google.com/uc?id=1D9ic1wITTSdJi8zpUV7ymBb3BM4jhYq6&export=download,25. Group By e Where - Material(1).rar
CURSO - Power BI/12-Conectando o Power BI com Bancos de Dados SQL e Introdução à linguagem SQL,26. Comandos Order By e Top - Material(1).rar,https://drive.google.com/uc?id=1UA0tAiDCBKexugR0keLWKJLiZAoL3fM-&export=download,26. Comandos Order By e Top - Material(1).rar
CURSO - Power BI/12-Conectando o Power BI com Bancos de Dados SQL e Introdução à linguagem SQL,27. Exercício Order By e Top - Material(1).rar,https://drive.google.com/uc?id=18YK6Y53pCnd-3RrZFlqWrFa6CdWKjZAY&export=download,27. Exercício Order By e Top - Material(1).rar
CURSO - Power BI/12-Conectando o Power BI com Bancos de Dados SQL e Introdução à linguagem SQL,28. Formas de Mesclar Consultas (Join) - Material(1).rar,https://drive.google.com/uc?id=1Pmi1ZueXsWwqMibxdeeN_VM5lWpxNgjU&export=download,28. Formas de Mesclar Consultas (Join) - Material(1).rar
CURSO - Power BI/12-Conectando o Power BI com Bancos de Dados SQL e Introdução à linguagem SQL,29. Como usar o JOIN no SQL - Material(1).rar,https://drive.google.com/uc?id=1IWmSL4T-cmsN39b-T1wlfuGa5e5nVirS&export=download,29. Como usar o JOIN no SQL - Material(1).rar
CURSO - Power BI/12-Conectando o Power BI com Bancos de Dados SQL e Introdução à linguagem SQL,30. Criando a Dimensão Loja (Parte 1) - Material(1).rar,https://drive.google.com/uc?id=1-Tsp2fJxWBuFDXp5pmuFZz-Aweu0Vknx&export=download,30. Criando a Dimensão Loja (Parte 1) - Material(1).rar
CURSO - Power BI/12-Conectando o Power BI com Bancos de Dados SQL e Introdução à linguagem SQL,31. Criando a Dimensão Loja (Parte 2) - Material(1).rar,https://drive.google.com/uc?id=1vatB06hTJ226QNI1hFKuBJ0l-TTmb34v&export=download,31. Criando a Dimensão Loja (Parte 2) - Material(1).rar
CURSO - Power BI/12-Conectando o Power BI com Bancos de Dados SQL e Introdução à linguagem SQL,32. Juntando Tabelas de Cotações e Moedas - Material(1).rar,https://drive.google.com/uc?id=1EJCBw_UYhVradhsQOG1PoKfRe-pCU9Ih&export=download,32. Juntando Tabelas de Cotações e Moedas - Material(1).rar
CURSO - Power BI/12-Conectando o Power BI com Bancos de Dados SQL e Introdução à linguagem SQL,33. Criando a Dimensão Produto - Material(1).rar,https://drive.google.com/uc?id=1-VgyyDTJHuH0b76OwIZAVqCebwIQeO69&export=download,33. Criando a Dimensão Produto - Material(1).rar
CURSO - Power BI/12-Conectando o Power BI com Bancos de Dados SQL e Introdução à linguagem SQL,34. Criando Chave para Relacionar Cotações e Vendas (Parte 1) - Material(1).rar,https://drive.google.com/uc?id=1iOYYuW8ek9bFriEP1_ht_5wuPNVJ0aQX&export=download,34. Criando Chave para Relacionar Cotações e Vendas (Parte 1) - Material(1).rar
CURSO - Power BI/12-Conectando o Power BI com Bancos de Dados SQL e Introdução à linguagem SQL,35. Criando Chave para Relacionar Cotações e Vendas (Parte 2) - Material(1).rar,https://drive.google.com/uc?id=1lT-cJgQgx1Pu5M-lAgtAkJm3GaYLPvsa&export=download,35. Criando Chave para Relacionar Cotações e Vendas (Parte 2) - Material(1).rar
CURSO - Power BI/12-Conectando o Power BI com Bancos de Dados SQL e Introdução à linguagem SQL,36. Transformando as Queries em Views e importando para o Power BI - Material(1).rar,https://drive.google.com/uc?id=1n8sdvpHUzgErnRqTmLOo0X44b-h2nF31&export=download,36. Transformando as Queries em Views e importando para o Power BI - Material(1).rar
CURSO - Power BI/13-Biblioteca de Relatórios Impressionadores,01. Download dos Relatórios e como aproveitá-los(Arquivos da aula.txt,https://drive.google.com/uc?id=1vABmTs0Z98is7zSzb3eflr3SKWsqw3My&export=download,01. Download dos Relatórios e como aproveitá-los(Arquivos da aula.txt
CURSO - Power BI/13-Biblioteca de Relatórios Impressionadores,02. Apresentação Dashboard SAC(Arquivos da aula.txt,https://drive.google.com/uc?id=19ogya-iXzAsDKSzqHGXxjwh5wmN1LC4a&export=download,02. Apresentação Dashboard SAC(Arquivos da aula.txt
CURSO - Power BI/13-Biblioteca de Relatórios Impressionadores,11. Apresentação Dashboard DRE - Material(1).zip,https://drive.google.com/uc?id=19E--L1PK89i-J4jsI5eiZQbEAjVc7rVG&export=download,11. Apresentação Dashboard DRE
CURSO - Power BI/13-Biblioteca de Relatórios Impressionadores,12. Importando as bases e preparando o dashboard - Material(1).zip,https://drive.google.com/uc?id=1xIz7COFuepm-HPLWu7K0HdaBl2-QdKRm&export=download,12. Importando as bases e preparando o dashboard
CURSO - Power BI/13-Biblioteca de Relatórios Impressionadores,13. Criando as medidas de orçado e realizado e desvios - Material(1).zip,https://drive.google.com/uc?id=1FLA-dx1sAX8LrybVWcWJptSGKafhdmgR&export=download,13. Criando as medidas de orçado e realizado e desvios
CURSO - Power BI/13-Biblioteca de Relatórios Impressionadores,14. Criando as medidas de subtotais de orçado e realizado - Material(1).zip,https://drive.google.com/uc?id=1M6gRHvO1vqbdcFvFX94R6wDleZWxYBMB&export=download,14. Criando as medidas de subtotais de orçado e realizado
CURSO - Power BI/13-Biblioteca de Relatórios Impressionadores,15. Corrigindo as medidas de orçado e realizado (Parte 1) - Material(1).zip,https://drive.google.com/uc?id=1sfatPgIH_e9FNDeHIHzEKaJaOlVlFHa1&export=download,15. Corrigindo as medidas de orçado e realizado (Parte 1)
CURSO - Power BI/13-Biblioteca de Relatórios Impressionadores,16. Corrigindo as medidas de orçado e realizado (Parte 2) - Material(1).zip,https://drive.google.com/uc?id=1Z_DHvzqB8dL9p5Yrmuut8C57k0NOXTZ2&export=download,16. Corrigindo as medidas de orçado e realizado (Parte 2)
CURSO - Power BI/13-Biblioteca de Relatórios Impressionadores,17. Incluindo desvio porcentagem e criando a formatação condicional - Material(1).zip,https://drive.google.com/uc?id=1XAweqotXjFGeum9qXxZjbdtpTYOsb0lM&export=download,17. Incluindo desvio porcentagem e criando a formatação condicional
CURSO - Power BI/13-Biblioteca de Relatórios Impressionadores,18. Finalizando o Dashboard - Material(1).zip,https://drive.google.com/uc?id=11CCcr2cbfoDdsZkJgehTwJyMET__yheV&export=download,18. Finalizando o Dashboard
CURSO - Power BI/14-Intensivão de Power BI,01. Aula 1 - Dashboard de Vendas - Material(1).txt,https://drive.google.com/uc?id=12NZ01BT8B5JjU57UMlzj5cY3U89Hb6wj&export=download,01. Aula 1 - Dashboard de Vendas - Material(1).txt
CURSO - Power BI/14-Intensivão de Power BI,01. Aula 1 - Dashboard de Vendas(Arquivos da aula.txt,https://drive.google.com/uc?id=13KhJ_8WWFXoErv-uj_yqOuFfV5xR8EmB&export=download,01. Aula 1 - Dashboard de Vendas(Arquivos da aula.txt
CURSO - Power BI/14-Intensivão de Power BI,02. Aula 2 - Dashboard Financeiro(Arquivos da aula.txt,https://drive.google.com/uc?id=1EoMOtjgqKLX-vL_YbBwOYMJ5bZ6MuVXa&export=download,02. Aula 2 - Dashboard Financeiro(Arquivos da aula.txt
CURSO - Power BI/14-Intensivão de Power BI,03. Aula 3 - Dashboard de Estoque(Arquivos da aula.txt,https://drive.google.com/uc?id=1EabiTeWYs_LbVcc4Rfp2PLX7KRbxBtOd&export=download,03. Aula 3 - Dashboard de Estoque(Arquivos da aula.txt
CURSO - Power BI/14-Intensivão de Power BI,04. Aula 4 - Dashboard RH(Arquivos da aula.txt,https://drive.google.com/uc?id=1b-QP9pRGeC3qnSaP3fqF7r7lV53WUWBE&export=download,04. Aula 4 - Dashboard RH(Arquivos da aula.txt
CURSO - Power BI/15-Intensivão de Power BI-Edição 2.0,01. Aula 1 - Dashboard de Compras - Material(1).zip,https://drive.google.com/uc?id=1lNzm9zc7e0hLPvhryNfOJQ8qaE9xZQlC&export=download,01. Aula 1 - Dashboard de Compras
CURSO - Power BI/15-Intensivão de Power BI-Edição 2.0,02. Aula 2 - Dashboard Logístico - Material(1).zip,https://drive.google.com/uc?id=1fg0NqDGbCwM5BQuYrOh3r4Z-G9AcNtwq&export=download,02. Aula 2 - Dashboard Logístico
CURSO - Power BI/15-Intensivão de Power BI-Edição 2.0,03. Aula 3 - Dashboard Comercial - Material(1).zip,https://drive.google.com/uc?id=1Oua9fUYlM0OhwdQxy1pQtielq1jrsjGf&export=download,03. Aula 3 - Dashboard Comercial
CURSO - Power BI/15-Intensivão de Power BI-Edição 2.0,04. Aula 4 - Dashboard de Projetos - Material(1).zip,https://drive.google.com/uc?id=1LCyeBJNlL2XVBp8LSoKWHB7z640daylb&export=download,04. Aula 4 - Dashboard de Projetos
CURSO - Power BI/16-Intensivão de Power BI-Edição 3.0,01. Aula 1 - Dashboard de Vendas(Arquivos da aula.txt,https://drive.google.com/uc?id=12XHUv2nDW1vVCW_dV3KQL8sHOzfi5VzS&export=download,01. Aula 1 - Dashboard de Vendas(Arquivos da aula.txt
CURSO - Power BI/16-Intensivão de Power BI-Edição 3.0,02. Aula 2 - Dashboard de Produção(Arquivos da aula.txt,https://drive.google.com/uc?id=13sWj7mBb1v2DAh6dkyT9HmIUa6VAiyy3&export=download,02. Aula 2 - Dashboard de Produção(Arquivos da aula.txt
CURSO - Power BI/16-Intensivão de Power BI-Edição 3.0,03. Aula 3 - Dashboard de RH(Arquivos da aula.txt,https://drive.google.com/uc?id=1E3slg-ykT70W1yerl75DoI1efxxUI4rX&export=download,03. Aula 3 - Dashboard de RH(Arquivos da aula.txt
CURSO - Power BI/16-Intensivão de Power BI-Edição 3.0,04. Aula 4 - Dashboard Financeiro(Arquivos da aula.txt,https://drive.google.com/uc?id=1_Yjt2SyAGc8MXc6ekaqswtKpljilh0Fh&export=download,04. Aula 4 - Dashboard Financeiro(Arquivos da aula.txt
CURSO - Power BI/17-Aulas Ao Vivo,01. Power BI - Dashboard Vendas em Equipe - Material(1).zip,https://drive.google.com/uc?id=1a35DWh2nK7BYClB1AKlgQlDZkmbk0y4y&export=download,01. Power BI - Dashboard Vendas em Equipe
CURSO - Power BI/17-Aulas Ao Vivo,02. Dashboard Análise de Investimentos no Power BI - Material(1).zip,https://drive.google.com/uc?id=1SWfbgXS2p3cqpvBV_RqXn3kjZzigyuMM&export=download,02. Dashboard Análise de Investimentos no Power BI
CURSO - Power BI/17-Aulas Ao Vivo,03. Power BI - Como automatizar o seu trabalho com o Power Query - Material(1).zip,https://drive.google.com/uc?id=1z-_jrIeZLQcjHVeBhyv6qWYdQZ4rHRKL&export=download,03. Power BI - Como automatizar o seu trabalho com o Power Query
CURSO - Power BI/17-Aulas Ao Vivo,04. Análises com Funções DAX no Power BI - Material(1).zip,https://drive.google.com/uc?id=1i2MJza2hiZEqOJOcFBEMYzbkLrBO_YTQ&export=download,04. Análises com Funções DAX no Power BI
CURSO - Power BI/17-Aulas Ao Vivo,05. Inteligência de Tempo no Power BI - Material(1).zip,https://drive.google.com/uc?id=1MFWIb3F6CGV_T4vn-3NE6yHCEnWD2yrI&export=download,05. Inteligência de Tempo no Power BI
CURSO - Power BI/17-Aulas Ao Vivo,06. O Poder do Mesclar Consultas - Como Cruzar Tabelas no Power BI - Material(1).pdf,https://drive.google.com/uc?id=1eRym0MxRjc6YOSkBHHC0IT0rbS4MBr2S&export=download,06. O Poder do Mesclar Consultas - Como Cruzar Tabelas no Power BI - Material(1).pdf
CURSO - Power BI/17-Aulas Ao Vivo,06. O Poder do Mesclar Consultas - Como Cruzar Tabelas no Power BI - Material(2).zip,https://drive.google.com/uc?id=1f31yEb-YMzTgwkvshAS7f6PlFsDXpuk-&export=download,06. O Poder do Mesclar Consultas - Como Cruzar Tabelas no Power BI
CURSO - Power BI/17-Aulas Ao Vivo,06. O Poder do Mesclar Consultas - Como Cruzar Tabelas no Power BI - Material(3).zip,https://drive.google.com/uc?id=1xNcRC57x-5gSEdUR9KYpR3eIrik65-am&export=download,06. O Poder do Mesclar Consultas - Como Cruzar Tabelas no Power BI
CURSO - Power BI/17-Aulas Ao Vivo,06. O Poder do Mesclar Consultas - Como Cruzar Tabelas no Power BI - Material(4).zip,https://drive.google.com/uc?id=1vDotpYH_gyfHuR8HUP7GqhF6p4HynAWy&export=download,06. O Poder do Mesclar Consultas - Como Cruzar Tabelas no Power BI
CURSO - Power BI/17-Aulas Ao Vivo,07. Dashboard Fluxo de Caixa no Power BI - Material(1).zip,https://drive.google.com/uc?id=1ImvDoTP6R8R-9WTcv7vrP43vKD_Qw_ox&export=download,07. Dashboard Fluxo de Caixa no Power BI
CURSO - Power BI/17-Aulas Ao Vivo,08. Power BI Online - O que é e Como Usar - Material(1).zip,https://drive.google.com/uc?id=1L8Xqwe7CwFFEzJPcPfqbyjDtbQgociBJ&export=download,08. Power BI Online - O que é e Como Usar
CURSO - Power BI/17-Aulas Ao Vivo,09. 3 Truques Secretos para IMPRESSIONAR no Power BI - Material(1).zip,https://drive.google.com/uc?id=1Pm6fAkcuvhlIIhHMq_ywYeXOjlXGUOOZ&export=download,09. 3 Truques Secretos para IMPRESSIONAR no Power BI
CURSO - Power BI/17-Aulas Ao Vivo,10. Dashboard de Compras(Arquivos da aula.txt,https://drive.google.com/uc?id=1sRWc78tROBs5Z9yt1PW-Ku9AtcdmxVUl&export=download,10. Dashboard de Compras(Arquivos da aula.txt
CURSO - Power BI/18-Mentorias Ao Vivo,01. Modelagem de Dados - Material(1).zip,https://drive.google.com/uc?id=1GORAHQ_xCPyFVmI89o7kT0cvr8q3w-Z_&export=download,01. Modelagem de Dados
CURSO - Power BI/18-Mentorias Ao Vivo,02. Modelagem de Dados - Parte 2 - Material(1).zip,https://drive.google.com/uc?id=1PgTFsV1jH3sgPaUPLaS-Gql-J-bkvOg7&export=download,02. Modelagem de Dados - Parte 2
CURSO - Power BI/18-Mentorias Ao Vivo,03. Como fazer Cálculos com Horas & Tabela CalendárioHora - Material(1).txt,https://drive.google.com/uc?id=1eRE5_7_64NcyuRw88km4HTbGFwiSD84S&export=download,03. Como fazer Cálculos com Horas & Tabela CalendárioHora - Material(1).txt
CURSO - Power BI/18-Mentorias Ao Vivo,03. Como fazer Cálculos com Horas & Tabela CalendárioHora - Material(2).xlsx,https://drive.google.com/uc?id=1v3iO_eKZV65tNRrWmD5qjzU2Rd9hIuES&export=download,03. Como fazer Cálculos com Horas & Tabela CalendárioHora - Material(2).xlsx
CURSO - Power BI/18-Mentorias Ao Vivo,04. Introdução à Linguagem M - Material(1).zip,https://drive.google.com/uc?id=1J4xDsIh0MIVRpj_6xFlANIhf7k9x7NF-&export=download,04. Introdução à Linguagem M
CURSO - Power BI/18-Mentorias Ao Vivo,07. Certificação Microsoft PL-300 (Antiga DA-100) - Resolução de Questões (Parte 1)(Arquivos da aula.txt,https://drive.google.com/uc?id=1b8kumYgZ5mFnt4URdO5XVVd9IK4VdZgR&export=download,07. Certificação Microsoft PL-300 (Antiga DA-100) - Resolução de Questões (Parte 1)(Arquivos da aula.txt
CURSO - Power BI/18-Mentorias Ao Vivo,08. Certificação Microsoft PL-300 (Antiga DA-100) - Resolução de Questões (Parte 2)(Arquivos da aula.txt,https://drive.google.com/uc?id=1GB4DtVIoEuqCghPK7_x03aEoSG4i6j73&export=download,08. Certificação Microsoft PL-300 (Antiga DA-100) - Resolução de Questões (Parte 2)(Arquivos da aula.txt
CURSO - Power BI/18-Mentorias Ao Vivo,10. Certificação Microsoft PL-300 (Antiga DA-100) - Resolução de Questões (Parte 3)(Arquivos da aula.txt,https://drive.google.com/uc?id=1iZm0y0vk1dhoTn3Ga4QeGezRT3giYhHQ&export=download,10. Certificação Microsoft PL-300 (Antiga DA-100) - Resolução de Questões (Parte 3)(Arquivos da aula.txt
CURSO - Power BI/18-Mentorias Ao Vivo,11. Mentoria Power BI Impressionador - Aplicações da Linguagem M(Arquivos da aula.txt,https://drive.google.com/uc?id=1J_ottavegipiZ6hUsDprtAs9eT6I2EjQ&export=download,11. Mentoria Power BI Impressionador - Aplicações da Linguagem M(Arquivos da aula.txt